key,year,season,observe_date,previous_cutting_date,location_1,location_2,location_3,location_4,cultivar,tea_kind,sample_label,replication,G1L,G2L,G3L,G4L,G5L,G6L,G7L,G8L,G9L,O1L,O2L,O3L,O4L,O5L,O6L,O7L,O8L,O9L,cutting_height,tea_buds_cm,leaf_number,avg_inter_node,open_plane,buds_weight_100,polyphenol,FAA,Theanine,caffeine,Gallic_Acid,Catechin,GC,EGC,EC,EGCG,GCG,ECG,CG,total_catechins
1082ndDP1,108,2nd,2019/5/13,2019/3/26,9,3,60,南東,DP,fresh leaves,1,1,0,0,1,1,2,6,3,0,0,0,4,18,24,11,7,0,0,0,60,9.31,3.6,2.482333333,0.5,112,65.44851952,20.93276366,2.117893919,17.57964025,0.865824468,2.773015281,5.82505438,30.28018434,4.860523476,43.68387902,4.763182422,8.350688695,,100.5365276
1082ndDP2,108,2nd,2019/5/13,2019/3/26,9,2,40,中中,DP,fresh leaves,2,2,0,0,0,1,2,0,0,0,0,0,0,12,25,7,1,0,0,0,60,8.08,3.7,1.980666667,0.6,116,67.26107468,23.62667185,1.639047903,18.07247659,0.841175963,2.902099152,6.689246722,32.23928985,5.070131436,45.04260376,5.017332957,8.472919717,,105.4336236
1082ndDP3,108,2nd,2019/5/13,2019/3/26,9,2,20,北西,DP,fresh leaves,3,3,0,0,0,2,2,2,1,0,0,0,2,15,10,7,1,0,1,0,60,9.32,4.2,2.063142857,0.5,127,68.9226765,18.3274477,1.561643429,18.26637837,0.73546683,2.881705558,6.685829866,33.33850328,5.513362146,50.17348776,5.121614528,9.401850649,,113.1163538
1082ndFS1,108,2nd,2019/4/26,2019/3/14,5,2,130,NULL,FS,fresh leaves,1,1,0,0,3,9,8,1,0,0,0,0,0,8,6,0,0,0,0,0,53,13.37,4.7,2.778071429,0.2,211,87.80416227,18.23426333,4.429748764,15.64187458,0.608603117,1.428553464,0.301156592,14.9887717,4.664523515,35.11974811,3.605314802,6.061088358,,66.16915654
1082ndFS2,108,2nd,2019/4/26,2019/3/14,5,2,110,NULL,FS,fresh leaves,2,2,0,0,1,3,2,5,2,1,0,0,2,6,4,6,0,0,0,0,53,16.76,5.8,2.838055556,0.2,204,91.60388144,20.28386579,4.833744379,15.96645453,0.706541406,1.629493478,0.312602347,15.1268531,4.780809161,34.76119973,3.614694546,5.924264434,,66.1499168
1082ndFS3,108,2nd,2019/4/26,2019/3/14,5,1,40,NULL,FS,fresh leaves,3,3,0,1,4,3,5,2,1,0,0,0,1,4,2,1,1,0,0,0,53,17.26,5.4,3.130976191,0.1,213,86.85615861,19.55739503,4.285126362,15.5107868,0.646661502,1.642519657,0.309434512,14.81782268,4.641183147,34.17894338,3.568753347,5.831355848,,64.99001257
1082ndT81,108,2nd,2019/5/7,2019/3/20,11,2,20,北西,T8,fresh leaves,1,1,0,5,16,11,9,4,2,0,0,0,0,0,0,5,3,2,0,0,65,8.49,3.5,2.254166667,0.6,174,101.4758449,23.61354764,1.747909203,25.895,1.691482635,0.901433198,7.313207597,23.26247845,3.096133432,60.71733603,4.733677841,9.00753916,,109.0318057
1082ndT82,108,2nd,2019/5/7,2019/3/20,11,2,50,中中,T8,fresh leaves,2,2,0,5,20,23,4,6,0,0,0,0,0,0,0,0,2,0,0,0,65,7.71,4,1.814833333,0.8,170,109.0297878,22.01281067,1.617901741,28.095,1.709645198,1.531449751,8.959510349,26.78084752,3.715018312,66.1926578,5.417934879,9.874143722,,122.4715623
1082ndT83,108,2nd,2019/5/7,2019/3/20,11,2,90,南東,T8,fresh leaves,3,3,0,5,9,18,15,8,2,0,0,0,0,0,4,2,4,2,0,0,65,7.29,3.9,1.815666667,0.6,161,110.9095164,22.0864117,1.299062172,27.925,1.638292229,1.28190682,8.371278984,23.89413717,3.295863958,66.81167363,5.486615377,9.431123641,,118.5725996
1082ndT121,108,2nd,2019/4/25,2019/3/11,6,3,50,NULL,T12,fresh leaves,1,1,0,0,2,9,7,0,0,0,0,0,0,11,12,6,0,0,0,0,57,9.61,3.9,2.497,0.3,109.8,97.49789928,13.05407195,4.532028781,13.3745452,1.46866654,0,0.171009192,19.98243187,2.428830118,19.71588706,2.428479814,3.62662144,,48.3532595
1082ndT122,108,2nd,2019/4/25,2019/3/11,6,4,90,NULL,T12,fresh leaves,2,2,0,0,0,6,11,1,0,0,0,0,0,2,11,6,0,0,0,0,57,8.4,3.6,2.3405,0.5,139,105.2709181,11.98711433,4.333250873,14.17391744,1.546505944,0,0.158767232,14.22062027,2.468254424,20.73067063,2.487850267,3.921915712,,43.98807853
1082ndT123,108,2nd,2019/4/25,2019/3/11,6,2,20,NULL,T12,fresh leaves,3,3,0,0,1,3,4,1,0,0,0,0,0,6,7,9,0,0,0,0,57,12.23,4.5,2.564571429,0.4,130,108.9155732,12.41154495,3.330022359,11.20933119,1.114297004,0,0.170436474,12.67031365,2.6674052,22.14680555,2.515453261,3.947403816,,44.11781796
1082ndT171,108,2nd,2019/4/29,2019/3/8,3,3,150,NULL,T17,fresh leaves,1,1,0,0,0,0,3,1,1,0,0,0,0,0,6,9,10,7,1,0,58,6.01,4.5,1.222166667,0.7,128,89.40692792,13.40104003,1.233282166,20.05882645,1.109265436,2.048903133,6.150679158,24.53610725,5.697102336,41.43888007,4.156007772,8.781811991,,92.80949171
1082ndT172,108,2nd,2019/4/29,2019/3/8,3,2,129,NULL,T17,fresh leaves,2,2,0,0,2,0,5,6,3,1,0,0,2,1,7,7,7,1,0,0,58,5.88,4.4,1.310833333,0.5,99,88.15547464,16.04841962,1.589370217,20.12799056,1.430542988,1.565289306,5.511506587,23.07715212,5.004567861,38.25733119,4.057973359,8.748595259,,86.22241568
1082ndT173,108,2nd,2019/4/29,2019/3/8,3,1,100,NULL,T17,fresh leaves,3,3,0,0,0,0,0,7,2,0,0,0,0,0,4,9,16,3,0,0,58,7.67,4.7,1.564666667,0.7,114,100.9680724,15.06366829,1.522385537,20.24435238,1.009074264,1.554594582,5.788504012,24.40615454,5.120064322,43.64481259,4.188405048,8.739330877,,93.44186595
1082ndT181,108,2nd,2019/5/14,2019/3/21,12,1,180,南東,T18,fresh leaves,1,1,1,2,4,1,3,2,0,0,0,0,0,2,9,19,4,0,0,0,58,10.19,4.6,2.137666667,0.5,165,128.2541253,20.30353662,1.298687044,29.06663386,1.182046772,3.377486643,13.03023843,31.5890668,6.703092515,66.28984775,6.469704462,12.32227454,,139.7817112
1082ndT182,108,2nd,2019/5/14,2019/3/21,12,1,150,中中,T18,fresh leaves,2,2,0,0,3,8,11,5,4,0,0,0,2,5,5,2,2,0,0,0,58,8.92,4,2.0545,0.5,161,117.3214537,20.1448066,1.458528949,27.17836025,1.073409207,3.44474115,14.60540806,32.13859173,6.862782306,64.45628293,6.186564443,11.98962758,,139.6839982
1082ndT183,108,2nd,2019/5/14,2019/3/21,12,1,111,北西,T18,fresh leaves,3,3,0,2,9,8,12,6,0,0,0,0,0,3,1,0,0,0,0,0,58,13.64,4.9,2.655785714,0.3,214.5,115.350026,21.59818339,1.379328543,25.57940083,1.195043497,3.687411928,13.08754347,31.52204186,7.328057176,58.43625102,5.626397885,11.69422689,,131.3819302
1082ndT201,108,2nd,2019/5/9,2019/3/25,11,1,50,北東,T20,fresh leaves,1,1,0,0,0,0,3,4,0,0,0,0,5,13,13,5,0,0,0,0,57,9.68,4.3,2.126071429,0.9,123.5,125.2837568,12.33837469,0.988422656,10.99226666,0.691883987,1.729810844,5.458953804,26.40606383,4.51503499,25.6273401,2.422737774,4.162160695,,70.32210203
1082ndT202,108,2nd,2019/5/9,2019/3/25,11,1,90,中西,T20,fresh leaves,2,2,0,1,0,0,2,0,0,0,0,0,4,16,15,6,1,0,0,0,57,7.41,3.9,1.825,0.8,124.5,77.7060227,12.13542924,0.859811169,12.43223399,0.600967525,1.65630435,6.547082595,32.90278061,5.115202886,30.99625669,2.91783348,4.949372271,,85.08483288
1082ndT203,108,2nd,2019/5/9,2019/3/25,11,1,120,南中,T20,fresh leaves,3,3,0,0,1,0,0,0,0,0,0,0,4,12,14,5,1,1,0,0,57,8.87,4,2.079333333,0.9,138.5,84.04583487,15.79861632,1.146645221,12.39215607,0.532403143,1.438753085,6.660428725,30.34543267,4.98887062,31.09262396,2.990684066,4.989249628,,82.50604274
1082ndDP1,108,2nd,2019/5/13,2019/3/26,9,3,60,南東,DP,black tea,1,1,0,0,1,1,2,6,3,0,0,0,4,18,24,11,7,0,0,0,60,9.31,3.6,2.482333333,0.5,112,38.96135233,10.95287403,1.31201878,16.05005347,2.188520625,0,8.871838265,7.739049981,0,10.34496171,0,4.410115742,,31.3659657
1082ndDP2,108,2nd,2019/5/13,2019/3/26,9,2,40,中中,DP,black tea,2,2,0,0,0,1,2,0,0,0,0,0,0,12,25,7,1,0,0,0,60,8.08,3.7,1.980666667,0.6,116,37.51422699,14.06180309,1.231789781,15.88973353,2.159528829,0,8.832904173,7.741284728,0,10.3168334,0,4.385790997,,31.2768133
1082ndDP3,108,2nd,2019/5/13,2019/3/26,9,2,20,北西,DP,black tea,3,3,0,0,0,2,2,2,1,0,0,0,2,15,10,7,1,0,1,0,60,9.32,4.2,2.063142857,0.5,127,35.00730455,13.38356509,1.210113495,15.40866563,2.135256471,0,8.589117454,6.23645499,0,10.30801247,0,4.308333786,,29.4419187
1082ndT81,108,2nd,2019/5/7,2019/3/20,11,2,20,北西,T8,green tea,1,1,0,5,16,11,9,4,2,0,0,0,0,0,0,5,3,2,0,0,65,8.49,3.5,2.254166667,0.6,174,106.338789,26.49709321,2.241639151,27.725,0.55267142,1.725855272,9.114720818,27.40430046,4.256337154,70.28357167,0.85222,8.837912643,,122.474918
1082ndT82,108,2nd,2019/5/7,2019/3/20,11,2,50,中中,T8,green tea,2,2,0,5,20,23,4,6,0,0,0,0,0,0,0,0,2,0,0,0,65,7.71,4,1.814833333,0.8,170,125.1554116,25.66109238,2.293723551,27.92,0.545582442,1.762713006,9.208099305,29.11870021,4.322546588,71.61873233,0.852902869,9.047818249,,125.9315125
1082ndT83,108,2nd,2019/5/7,2019/3/20,11,2,90,南東,T8,green tea,3,3,0,5,9,18,15,8,2,0,0,0,0,0,4,2,4,2,0,0,65,7.29,3.9,1.815666667,0.6,161,111.9685118,25.41316003,2.272315937,26.925,0.529861399,1.739572928,9.058455365,28.96829252,4.274105973,69.11461017,0.852049897,8.816445228,,122.8235321
1082ndT121,108,2nd,2019/4/25,2019/3/11,6,3,50,NULL,T12,black tea,1,1,0,0,2,9,7,0,0,0,0,0,0,11,12,6,0,0,0,0,57,9.61,3.9,2.497,0.3,109.8,70.47494928,19.85580653,1.426792227,15.39177755,2.257827232,0.718897846,0.735785706,11.23838924,0,2.672970544,0,1.026874704,,16.39291803
1082ndT122,108,2nd,2019/4/25,2019/3/11,6,4,90,NULL,T12,black tea,2,2,0,0,0,6,11,1,0,0,0,0,0,2,11,6,0,0,0,0,57,8.4,3.6,2.3405,0.5,139,72.36550282,20.02813338,1.462526655,14.92673644,2.242329739,0.475540773,0.729974037,8.910838176,0,2.62161734,0,1.023792996,,13.76176332
1082ndT123,108,2nd,2019/4/25,2019/3/11,6,2,20,NULL,T12,black tea,3,3,0,0,1,3,4,1,0,0,0,0,0,6,7,9,0,0,0,0,57,12.23,4.5,2.564571429,0.4,130,71.42630915,19.83522514,1.435907137,15.27989438,2.261757618,0.748220434,0.763676649,10.44982766,0,2.824775438,0,1.131355953,,15.91785614
1082ndT171,108,2nd,2019/4/29,2019/3/8,3,3,150,NULL,T17,black tea,1,1,0,0,0,0,3,1,1,0,0,0,0,0,6,9,10,7,1,0,58,6.01,4.5,1.222166667,0.7,128,34.0484272,17.35865817,0.88113645,21.64872169,2.573380993,0,0,11.97013765,0,0,0,0,,11.97013765
1082ndT172,108,2nd,2019/4/29,2019/3/8,3,2,129,NULL,T17,black tea,2,2,0,0,2,0,5,6,3,1,0,0,2,1,7,7,7,1,0,0,58,5.88,4.4,1.310833333,0.5,99,32.18480561,17.1946933,0.90124506,22.20240607,2.627300941,0,0,14.41272398,0,0,0,0,,14.41272398
1082ndT173,108,2nd,2019/4/29,2019/3/8,3,1,100,NULL,T17,black tea,3,3,0,0,0,0,0,7,2,0,0,0,0,0,4,9,16,3,0,0,58,7.67,4.7,1.564666667,0.7,114,33.7418517,16.66720879,0.445940429,22.19367881,2.632361288,0,0,10.77595703,0,0,0,0,,10.77595703
1082ndT181,108,2nd,2019/5/14,2019/3/21,12,1,180,南東,T18,green tea,1,1,1,2,4,1,3,2,0,0,0,0,0,2,9,19,4,0,0,0,58,10.19,4.6,2.137666667,0.5,165,137.1315562,20.12171028,1.734321719,29.39664556,0.527302525,3.828421833,14.41004335,35.84897849,8.284603766,75.94664582,0,13.98891424,,152.3076075
1082ndT182,108,2nd,2019/5/14,2019/3/21,12,1,150,中中,T18,green tea,2,2,0,0,3,8,11,5,4,0,0,0,2,5,5,2,2,0,0,0,58,8.92,4,2.0545,0.5,161,132.6141843,22.70831813,2.257165936,27.59462043,0.479821249,3.844255384,13.86153151,34.89207669,8.118008265,70.3576839,0,12.76589357,,143.8394493
1082ndT183,108,2nd,2019/5/14,2019/3/21,12,1,111,北西,T18,green tea,3,3,0,2,9,8,12,6,0,0,0,0,0,3,1,0,0,0,0,0,58,13.64,4.9,2.655785714,0.3,214.5,134.579272,21.73139527,2.206411257,28.44283307,0.512990325,3.871130367,13.95350575,35.12010257,8.328221156,73.18681833,0,13.39936485,,147.859143
1082ndT201,108,2nd,2019/5/9,2019/3/25,11,1,50,北東,T20,black tea,1,1,0,0,0,0,3,4,0,0,0,0,5,13,13,5,0,0,0,0,57,9.68,4.3,2.126071429,0.9,123.5,46.64999374,12.46638751,0.466453302,14.92415849,2.150707026,0,0,13.62054819,0,0,0,0,,13.62054819
1082ndT202,108,2nd,2019/5/9,2019/3/25,11,1,90,中西,T20,black tea,2,2,0,1,0,0,2,0,0,0,0,0,4,16,15,6,1,0,0,0,57,7.41,3.9,1.825,0.8,124.5,48.74746341,12.29488996,0.457164642,13.9960551,2.118958733,0,0,13.44522885,0,0,0,0,,13.44522885
1082ndT203,108,2nd,2019/5/9,2019/3/25,11,1,120,南中,T20,black tea,3,3,0,0,1,0,0,0,0,0,0,0,4,12,14,5,1,1,0,0,57,8.87,4,2.079333333,0.9,138.5,48.59107924,12.64923431,0.454446047,14.43683356,2.097495859,0,0,13.18723072,0,0,0,0,,13.18723072
1083rdDP1,108,3rd,2019/7/8,2020/5/12,10,1,50,北西,DP,fresh leaves,1,1,0,0,0,1,3,11,4,0,0,0,6,20,21,14,4,0,0,0,62,11.36,4.8,2.31602381,0.7,139.8,66.015,9.625,4.315,13.05,0.58,1.25,6.88,22.95,4.845,30.33,3,5.05,,74.3
1083rdDP2,108,3rd,2019/7/8,2020/5/12,10,1,70,中中,DP,fresh leaves,2,2,0,0,0,0,2,6,12,4,0,0,0,9,20,14,4,0,0,0,62,10.36,4.6,2.084095238,0.5,145.6,80.68,8.155,5.085,13.93,0.63,1.065,6.545,23.945,4.525,30.485,2.79,4.965,,74.32
1083rdDP3,108,3rd,2019/7/8,2020/5/12,10,1,90,南東,DP,fresh leaves,3,3,0,0,0,0,0,2,3,2,0,0,1,5,17,14,7,0,0,0,62,11.15,4.9,2.156714286,0.5,142.2,56.725,8.095,3.7,11.85,0.495,1.02,6.46,22.33,4.425,28.33,2.695,4.645,,69.905
1083rdFS1,108,3rd,2019/6/21,2020/4/28,5,2,140,南西,FS,fresh leaves,1,1,0,0,0,0,2,7,2,9,0,0,0,0,4,6,4,2,0,0,53,11.36,4.7,2.310928571,0,167,78.87,22.135,19.84,17.06,1.485,2.305,6.23,24.16,4.98,27.68,2.825,7.445,,75.63
1083rdFS2,108,3rd,2019/6/21,2020/4/28,5,2,120,中中,FS,fresh leaves,2,2,0,0,1,1,0,5,7,5,1,0,0,1,2,7,2,1,1,0,53,11.65,5.2,2.172666667,0.1,171.5,83.005,27.13,19.205,19.275,1.735,2.045,5.775,24.605,4.04,27.895,2.58,7.77,,74.715
1083rdFS3,108,3rd,2019/6/21,2020/4/28,5,1,59,北東,FS,fresh leaves,3,3,0,0,1,0,2,5,10,6,0,0,0,0,1,1,2,0,0,0,53,11.03,4.9,2.1925,0,146,83.475,23.45,19.885,20.97,1.755,2.35,6.255,29.1,4.97,29.53,3.115,8.45,,83.765
1083rdT81,108,3rd,2019/7/5,2020/5/8,10,2,100,西,T8,fresh leaves,1,1,0,0,2,0,0,0,1,0,0,0,8,19,25,14,6,0,0,0,67,6.71,3.3,1.848333333,0.8,149.9,95.6,23.155,20.515,17.16,0.98,1.52,9.83,25.91,3.51,45.25,3.435,7.8,,97.245
1083rdT82,108,3rd,2019/7/5,2020/5/8,10,2,120,中,T8,fresh leaves,2,2,0,0,0,0,0,1,0,0,0,0,2,14,30,12,4,0,0,0,67,6.28,3.2,1.754047619,0.8,127.8,102.395,20.215,22.085,18.07,0.945,1.625,10.015,25.415,3.65,50.745,3.715,8.365,,103.53
1083rdT83,108,3rd,2019/7/5,2020/5/8,10,2,140,東,T8,fresh leaves,3,3,0,0,0,2,0,3,1,0,0,0,2,5,12,24,6,0,0,0,67,7.93,3.7,2.085166667,1,162.1,115.19,18.43,17.855,17.57,0.78,1.695,12.325,32.87,4.78,53.915,3.995,8.79,,118.37
1083rdT121,108,3rd,2019/6/18,2020/4/26,6,3,50,南西,T12,fresh leaves,1,1,0,0,0,4,12,20,10,0,0,0,0,0,9,6,3,0,0,0,57,11.27,5.7,1.982428571,0.2,122,74.02,23.065,14.095,16.525,0.72,1.065,7.165,20.485,4.88,29.385,3.235,5.535,,71.745
1083rdT122,108,3rd,2019/6/18,2020/4/26,6,4,110,中中,T12,fresh leaves,2,2,0,0,0,1,5,13,14,0,0,0,0,2,5,2,3,0,0,0,57,10.89,5.5,1.995452381,0.3,118,62.095,21.52,12.825,16.22,0.735,1.03,6.62,18.81,4.58,28.305,2.945,5.37,,67.66
1083rdT123,108,3rd,2019/6/18,2020/4/26,6,4,83,北東,T12,fresh leaves,3,3,0,1,2,2,7,15,9,1,0,0,0,3,6,1,2,1,0,0,57,15.44,6.1,2.426904762,0,165.5,68.975,24.045,12.755,15.27,0.67,1.04,6.805,19.36,4.68,28.03,3.005,4.16,,67.075
1083rdT171,108,3rd,2019/6/24,2020/4/29,3,3,50,北西,T17,fresh leaves,1,1,0,0,0,0,0,0,8,4,0,0,0,1,9,21,10,2,0,1,58,6.05,5,1.128226191,0.5,105,91.67,12.175,7.825,17.485,1.02,2.015,8.13,30.255,5.52,35.25,3.525,8.135,,92.83
1083rdT172,108,3rd,2019/6/24,2020/4/29,3,2,80,中中,T17,fresh leaves,2,2,0,0,0,0,1,4,1,7,0,0,0,2,3,16,10,9,2,0,58,5.64,5.6,0.955285714,0.8,84.3,88.87,14.015,11.255,17.935,0.98,1.835,8.09,22.88,5.09,33.025,3.425,8.035,,82.38
1083rdT173,108,3rd,2019/6/24,2020/4/29,3,2,160,南東偏中,T17,fresh leaves,3,3,0,0,0,0,0,0,2,2,0,0,0,3,18,25,19,2,0,0,58,7.25,5.8,1.266452381,0.8,107.5,100.805,10.61,8.155,19.425,0.89,2.15,8.835,27.115,6.065,40.135,3.96,9.095,,97.355
1083rdT181,108,3rd,2019/7/16,2020/5/16,23,NULL,224,北西,T18,fresh leaves,1,1,0,0,0,0,0,1,0,0,0,0,0,0,3,10,10,10,2,0,64,9.41,4.2,2.044666667,0.5,163.7,231.455,26.935,20.195,23.08,1.005,0.095,14.475,26.12,5.725,51,5.83,10.835,,114.08
1083rdT182,108,3rd,2019/7/16,2020/5/16,23,NULL,150,中中,T18,fresh leaves,2,2,0,0,0,0,0,0,7,1,0,0,0,0,1,8,2,5,1,0,64,10.33,4.6,2.200333333,0.8,177.5,232.765,24.395,18.095,22.175,0.885,0.09,14.175,25.895,5.695,51.75,5.985,11.08,,114.67
1083rdT183,108,3rd,2019/7/16,2020/5/16,23,NULL,125,南東,T18,fresh leaves,3,3,0,0,0,0,1,0,5,3,1,0,0,1,1,5,11,4,0,0,64,7.54,3.8,1.759,0.8,159.6,218.35,20.64,14.66,20.41,0.79,0.1,13.92,24.605,6.215,47.35,5.45,10.41,,108.05
1083rdT201,108,3rd,2019/7/1,2020/5/10,11,1,50,北東,T20,fresh leaves,1,1,0,0,0,1,4,12,2,0,0,0,0,2,14,23,10,2,0,0,57,7.95,3.8,1.916833333,0.6,118.7,85.07,12.755,9.49,13.87,0.6,1.33,8.035,28.075,5.6,32.66,3.055,5.8,,84.56
1083rdT202,108,3rd,2019/7/1,2020/5/10,11,1,90,中中,T20,fresh leaves,2,2,0,0,0,2,4,5,3,0,0,0,0,5,27,19,2,0,0,0,57,9.48,4.6,1.976333333,0.4,109.7,76.925,12.15,7.82,12.91,0.625,1.33,7.475,25.55,5.45,29.04,2.805,5.57,,77.22
1083rdT203,108,3rd,2019/7/1,2020/5/10,11,1,120,南西,T20,fresh leaves,3,3,0,0,0,5,6,9,3,0,0,0,0,11,8,11,5,0,0,0,57,8.14,4.2,1.860666667,0.6,107.1,83.865,15.77,11.94,13.64,0.51,1.015,8.255,27.44,5.525,30.75,2.99,5.335,,81.3
1083rdDP1,108,3rd,2019/7/8,2020/5/12,10,1,50,北西,DP,black tea,1,1,0,0,0,1,3,11,4,0,0,0,6,20,21,14,4,0,0,0,62,11.36,4.8,2.31602381,0.7,139.8,34.345,8.705,1.825,13.765,2.09,0,0.63,0,0,0,0,0,,0.63
1083rdDP2,108,3rd,2019/7/8,2020/5/12,10,1,70,中中,DP,black tea,2,2,0,0,0,0,2,6,12,4,0,0,0,9,20,14,4,0,0,0,62,10.36,4.6,2.084095238,0.5,145.6,33.34,8.305,1.83,13.555,2.05,0,0.615,0,0,0,0,0,,0.615
1083rdDP3,108,3rd,2019/7/8,2020/5/12,10,1,90,南東,DP,black tea,3,3,0,0,0,0,0,2,3,2,0,0,1,5,17,14,7,0,0,0,62,11.15,4.9,2.156714286,0.5,142.2,35.385,8.73,1.875,13.725,2.065,0,0.63,0,0,0,0,0,,0.63
1083rdFS1,108,3rd,2019/6/21,2020/4/28,5,2,140,南西,FS,black tea,1,1,0,0,0,0,2,7,2,9,0,0,0,0,4,6,4,2,0,0,53,11.36,4.7,2.310928571,0,167,37.92,24.915,9.395,15.93,2.18,0,0.935,0,0,0,0,0,,0.935
1083rdFS2,108,3rd,2019/6/21,2020/4/28,5,2,120,中中,FS,black tea,2,2,0,0,1,1,0,5,7,5,1,0,0,1,2,7,2,1,1,0,53,11.65,5.2,2.172666667,0.1,171.5,38.11,26.71,10.245,16.375,2.265,0,0.99,0,0,0,0,0,,0.99
1083rdFS3,108,3rd,2019/6/21,2020/4/28,5,1,59,北東,FS,black tea,3,3,0,0,1,0,2,5,10,6,0,0,0,0,1,1,2,0,0,0,53,11.03,4.9,2.1925,0,146,39.09,26.165,10.745,16.825,2.295,0,1.035,0,0,0,0,0,,1.035
1083rdT81,108,3rd,2019/7/5,2020/5/8,10,2,100,西,T8,green tea,1,1,0,0,2,0,0,0,1,0,0,0,8,19,25,14,6,0,0,0,67,6.71,3.3,1.848333333,0.8,149.9,55.6,33.435,25.29,19.31,3.26,0.02,0.595,29.715,4.295,60.115,5.435,9.005,,109.185
1083rdT82,108,3rd,2019/7/5,2020/5/8,10,2,120,中,T8,green tea,2,2,0,0,0,0,0,1,0,0,0,0,2,14,30,12,4,0,0,0,67,6.28,3.2,1.754047619,0.8,127.8,53.475,31.565,26.085,20.12,3.49,0.01,0.575,28.81,4.075,60.195,4.65,8.83,,107.14
1083rdT83,108,3rd,2019/7/5,2020/5/8,10,2,140,東,T8,green tea,3,3,0,0,0,2,0,3,1,0,0,0,2,5,12,24,6,0,0,0,67,7.93,3.7,2.085166667,1,162.1,59.485,32.2,25.885,20.96,3.52,0.02,0.62,31.875,4.55,67.01,5.57,9.83,,119.475
1083rdT121,108,3rd,2019/6/18,2020/4/26,6,3,50,南西,T12,black tea,1,1,0,0,0,4,12,20,10,0,0,0,0,0,9,6,3,0,0,0,57,11.27,5.7,1.982428571,0.2,122,29.975,26.245,3.17,16.98,2.15,0,13.64,0,0,0,0,0,,13.64
1083rdT122,108,3rd,2019/6/18,2020/4/26,6,4,110,中中,T12,black tea,2,2,0,0,0,1,5,13,14,0,0,0,0,2,5,2,3,0,0,0,57,10.89,5.5,1.995452381,0.3,118,30.715,27.86,3.775,16.94,2.035,0,13.805,0,0,0,0,0,,13.805
1083rdT123,108,3rd,2019/6/18,2020/4/26,6,4,83,北東,T12,black tea,3,3,0,1,2,2,7,15,9,1,0,0,0,3,6,1,2,1,0,0,57,15.44,6.1,2.426904762,0,165.5,31.56,25.9,3.265,17.515,2.26,0,14.13,0,0,0,0,0,,14.13
1083rdT171,108,3rd,2019/6/24,2020/4/29,3,3,50,北西,T17,black tea,1,1,0,0,0,0,0,0,8,4,0,0,0,1,9,21,10,2,0,1,58,6.05,5,1.128226191,0.5,105,46.835,17.44,4.355,21.025,2.495,0,20.615,0,0,0,0,0,,20.615
1083rdT172,108,3rd,2019/6/24,2020/4/29,3,2,80,中中,T17,black tea,2,2,0,0,0,0,1,4,1,7,0,0,0,2,3,16,10,9,2,0,58,5.64,5.6,0.955285714,0.8,84.3,45.595,16.345,4.4,20.805,2.475,0,19.73,0,0,0,0,0,,19.73
1083rdT173,108,3rd,2019/6/24,2020/4/29,3,2,160,南東偏中,T17,black tea,3,3,0,0,0,0,0,0,2,2,0,0,0,3,18,25,19,2,0,0,58,7.25,5.8,1.266452381,0.8,107.5,45.35,15.465,4.32,20.815,2.49,0,20.425,0,0,0,0,0,,20.425
1083rdT181,108,3rd,2019/7/16,2020/5/16,23,NULL,224,北西,T18,black tea,1,1,0,0,0,0,0,1,0,0,0,0,0,0,3,10,10,10,2,0,64,9.41,4.2,2.044666667,0.5,163.7,59.27,29.93,14.14,24.405,3.13,0,18.785,0,0,0,0,0,,18.785
1083rdT182,108,3rd,2019/7/16,2020/5/16,23,NULL,150,中中,T18,black tea,2,2,0,0,0,0,0,0,7,1,0,0,0,0,1,8,2,5,1,0,64,10.33,4.6,2.200333333,0.8,177.5,58.25,30.5,13.81,24.075,3.135,0,18.26,0,0,0,0,0,,18.26
1083rdT183,108,3rd,2019/7/16,2020/5/16,23,NULL,125,南東,T18,black tea,3,3,0,0,0,0,1,0,5,3,1,0,0,1,1,5,11,4,0,0,64,7.54,3.8,1.759,0.8,159.6,57.8,29.725,13.96,23.785,3.13,0,15.855,0,0,0,0,0,,15.855
1083rdT201,108,3rd,2019/7/1,2020/5/10,11,1,50,北東,T20,black tea,1,1,0,0,0,1,4,12,2,0,0,0,0,2,14,23,10,2,0,0,57,7.95,3.8,1.916833333,0.6,118.7,37.23,17.795,3.225,15.19,1.89,0,12.31,0,0,0,0,0,,12.31
1083rdT202,108,3rd,2019/7/1,2020/5/10,11,1,90,中中,T20,black tea,2,2,0,0,0,2,4,5,3,0,0,0,0,5,27,19,2,0,0,0,57,9.48,4.6,1.976333333,0.4,109.7,36.995,17.09,3.235,15.195,1.93,0,12.515,0,0,0,0,0,,12.515
1083rdT203,108,3rd,2019/7/1,2020/5/10,11,1,120,南西,T20,black tea,3,3,0,0,0,5,6,9,3,0,0,0,0,11,8,11,5,0,0,0,57,8.14,4.2,1.860666667,0.6,107.1,36.825,16.285,3.23,15.22,1.915,0,12.45,0,0,0,0,0,,12.45
1084thFS1,108,4th,2019/8/5,2020/6/21,5,1,30,北東,FS,fresh leaves,1,1,0,0,1,1,4,8,6,2,0,0,0,2,2,10,4,2,0,0,53,11.86,5.5,2.139,0.2,134.9,77.06760625,24.72162677,13.43550367,14.87883146,0.995029685,0.0811,5.211953059,12.89734429,4.607186245,29.36176076,2.819163462,7.129297428,,62.10778903
1084thFS2,108,4th,2019/8/5,2020/6/21,5,2,100,中中,FS,fresh leaves,2,2,0,0,0,1,1,4,1,0,0,0,0,0,11,25,10,5,0,0,53,10.1,5.2,1.854333333,0.4,143.3,68.23178039,25.0652316,13.74472872,13.3512463,0.761639021,0.081,5.520928918,13.04384726,4.400067755,27.85476632,2.837220033,6.234971509,,59.97282077
1084thFS3,108,4th,2019/8/5,2020/6/21,5,2,120,南西,FS,fresh leaves,3,3,0,0,0,2,1,8,5,3,0,0,0,0,11,10,7,3,0,0,53,10.78,5.2,1.993880952,0.4,155.6,76.82216659,26.09638531,13.81218118,13.9844179,0.625728136,0.08105,5.686444141,13.80610551,4.374429521,30.53093576,3.01271788,6.640466481,,64.13215081
1084thT81,108,4th,2019/8/27,2020/7/3,11,2,20,東,T8,fresh leaves,1,1,0,0,0,3,2,3,0,0,0,0,1,4,11,30,4,1,0,0,70,7.98,5,1.536833333,1,145.8,112.8145304,22.27916744,9.46856682,21.69678132,1.069844272,0.0218,9.553058125,25.75616449,3.454407645,64.53414191,5.610060079,10.3711323,,119.3007932
1084thT82,108,4th,2019/8/27,2020/7/3,11,2,41,中,T8,fresh leaves,2,2,0,0,0,0,2,2,1,0,0,0,1,10,13,17,7,0,0,0,70,9.85,4.8,1.9965,1,172.1,91.95714988,28.93729779,12.11491971,17.18756092,1.076880455,0.02085,8.376899624,22.56502722,3.08565855,49.38237842,6.050217043,8.269820935,,97.75084441
1084thT83,108,4th,2019/8/27,2020/7/3,11,2,60,西,T8,fresh leaves,3,3,0,1,2,1,1,4,2,0,0,0,1,2,12,17,5,0,0,0,70,8.99,4.5,1.931166667,0.9,145.1,111.2416385,30.40731322,13.056873,21.0183403,0.994990973,0.01815,9.310211531,24.37895405,3.316995694,62.25597532,5.499912827,9.730228661,,114.5104176
1084thT121,108,4th,2019/8/10,2020/6/18,6,3,30,南西,T12,fresh leaves,1,1,0,0,0,0,6,9,7,2,0,0,0,7,19,17,6,0,0,0,57,9.68,4.9,1.905166667,0.5,86,62.9345632,21.72730978,8.952754532,14.32631635,0.844589826,0.0811,9.854834282,14.8323486,3.644811475,22.89848834,2.612951836,4.509692682,,58.434211
1084thT122,108,4th,2019/8/10,2020/6/18,6,4,110,中中,T12,fresh leaves,2,2,0,0,0,1,4,7,4,0,0,0,0,1,22,19,3,1,0,0,57,9.07,4.6,1.875809524,0.7,87.4,61.49903719,22.79717489,9.215620126,13.83660164,0.732326797,0.08115,5.701592604,13.93953619,3.112889973,21.64019388,2.439622509,4.419052636,,51.33402025
1084thT123,108,4th,2019/8/10,2020/6/18,6,4,86,北東,T12,fresh leaves,3,3,0,0,0,0,0,15,13,3,0,0,0,10,24,19,5,0,0,0,57,8.26,4.9,1.603309524,0.4,117.2,68.02149442,17.75838058,11.03490277,16.19904714,0.776152793,0.08115,6.10559394,15.86965105,4.208084063,25.79724786,3.166753233,5.213635794,,60.44211464
1084thT181,108,4th,2019/9/9,2020/7/22,2,2,140,中西,T18,fresh leaves,1,1,0,0,0,0,3,9,6,0,0,0,1,3,9,8,9,1,0,0,61,10.16,4.6,2.147333333,0.2,141.8,120.3973497,23.19089673,9.407809067,26.69588197,1.339623402,0.0641,13.60449397,20.32962382,4.94268548,62.13087554,7.239695928,14.60542162,,122.9168861
1084thT182,108,4th,2019/9/9,2020/7/22,2,2,120,南中,T18,fresh leaves,2,2,0,0,0,2,2,8,3,0,0,0,0,3,5,18,15,2,0,0,61,11.36,4.8,2.274190476,0.4,148.1,116.5137612,21.7976117,9.748518037,27.25860032,1.242335896,0.06585,13.98036383,21.25307395,5.129280507,63.79836327,7.465453087,14.87837409,,126.5707345
1084thT183,108,4th,2019/9/9,2020/7/22,1,2,119,北東,T18,fresh leaves,3,3,0,0,1,3,13,12,0,0,0,0,0,1,11,19,5,0,0,0,61,8.67,4.3,1.925,0.3,135,126.518121,21.93566961,9.435510586,26.62282799,1.224164462,0.06655,14.14844264,21.41333843,5.048649051,64.56059708,7.30013257,14.84147794,,127.3791977
1084thFS1,108,4th,2019/8/5,2020/6/21,5,1,30,北東,FS,black tea,1,1,0,0,1,1,4,8,6,2,0,0,0,2,2,10,4,2,0,0,53,11.86,5.5,2.139,0.2,134.9,33.92734171,20.37573127,6.396991057,8.772504251,1.161373328,0,0,0,0,0,0,0,,0
1084thFS2,108,4th,2019/8/5,2020/6/21,5,2,100,中中,FS,black tea,2,2,0,0,0,1,1,4,1,0,0,0,0,0,11,25,10,5,0,0,53,10.1,5.2,1.854333333,0.4,143.3,34.00009162,20.99168725,6.329990415,8.961261747,1.192685517,0,0,0,0,0,0,0,,0
1084thFS3,108,4th,2019/8/5,2020/6/21,5,2,120,南西,FS,black tea,3,3,0,0,0,2,1,8,5,3,0,0,0,0,11,10,7,3,0,0,53,10.78,5.2,1.993880952,0.4,155.6,36.21657818,20.1669747,6.217336724,8.92940298,1.177160826,0,0,0,0,0,0,0,,0
1084thT81,108,4th,2019/8/27,2020/7/3,11,2,20,東,T8,black tea,1,1,0,0,0,3,2,3,0,0,0,0,1,4,11,30,4,1,0,0,70,7.98,5,1.536833333,1,145.8,52.08387311,31.05448922,8.752258546,11.20142916,1.810467147,0,0,0,0,0,0,0,,0
1084thT82,108,4th,2019/8/27,2020/7/3,11,2,41,中,T8,black tea,2,2,0,0,0,0,2,2,1,0,0,0,1,10,13,17,7,0,0,0,70,9.85,4.8,1.9965,1,172.1,52.5461419,30.45896347,9.673063653,11.41983259,1.846516283,0,0,0,0,0,0,0,,0
1084thT83,108,4th,2019/8/27,2020/7/3,11,2,60,西,T8,black tea,3,3,0,1,2,1,1,4,2,0,0,0,1,2,12,17,5,0,0,0,70,8.99,4.5,1.931166667,0.9,145.1,46.12151969,29.78030129,9.198371742,10.71321941,1.741983358,0,0,0,0,0,0,0,,0
1084thT121,108,4th,2019/8/10,2020/6/18,6,3,30,南西,T12,black tea,1,1,0,0,0,0,6,9,7,2,0,0,0,7,19,17,6,0,0,0,57,9.68,4.9,1.905166667,0.5,86,27.26147457,23.37976036,7.36263529,7.453772552,0.954246878,0,0,0,0,0,0,0,,0
1084thT122,108,4th,2019/8/10,2020/6/18,6,4,110,中中,T12,black tea,2,2,0,0,0,1,4,7,4,0,0,0,0,1,22,19,3,1,0,0,57,9.07,4.6,1.875809524,0.7,87.4,26.12298439,23.02338341,7.780206013,7.363786714,0.951553692,0,0,0,0,0,0,0,,0
1084thT123,108,4th,2019/8/10,2020/6/18,6,4,86,北東,T12,black tea,3,3,0,0,0,0,0,15,13,3,0,0,0,10,24,19,5,0,0,0,57,8.26,4.9,1.603309524,0.4,117.2,26.40050339,19.62629792,5.659518612,7.909779972,0.981756295,0,0,0,0,0,0,0,,0
1084thT181,108,4th,2019/9/9,2020/7/22,2,2,140,中西,T18,black tea,1,1,0,0,0,0,3,9,6,0,0,0,1,3,9,8,9,1,0,0,61,10.16,4.6,2.147333333,0.2,141.8,68.3853549,28.01219014,12.33314486,14.45727646,1.959183176,0,0,0,0,0,0,3.730560482,,3.730560482
1084thT182,108,4th,2019/9/9,2020/7/22,2,2,120,南中,T18,black tea,2,2,0,0,0,2,2,8,3,0,0,0,0,3,5,18,15,2,0,0,61,11.36,4.8,2.274190476,0.4,148.1,65.79551371,29.06620524,12.48013534,13.91184347,1.815997446,0,0,0,0,0,0,3.686618281,,3.686618281
1084thT183,108,4th,2019/9/9,2020/7/22,1,2,119,北東,T18,black tea,3,3,0,0,1,3,13,12,0,0,0,0,0,1,11,19,5,0,0,0,61,8.67,4.3,1.925,0.3,135,64.07627008,28.85060256,11.73460762,13.67583485,1.804827261,0,0,0,0,0,0,3.670152299,,3.670152299
1085thDP1,108,5th,2019/10/31,2020/9/10,10,1,220,南西,DP,fresh leaves,1,1,0,0,0,0,4,4,3,2,0,0,0,10,20,7,2,0,0,0,60,7.67,4.2,1.781833333,0.8,98.6,85.14521125,11.44493801,3.564110202,14.55419069,1.004448901,0.710558601,10.41025173,19.81666944,3.74269077,39.58307749,3.584285853,7.651863136,,85.49939701
1085thDP2,108,5th,2019/10/31,2020/9/10,10,1,200,中中,DP,fresh leaves,2,2,0,0,0,0,4,6,7,1,0,0,1,3,17,10,0,1,0,0,60,8.09,4.4,1.794666667,0.7,92.6,83.24622905,9.257877571,2.764484612,13.1847531,0.912102653,0.795604912,9.426775489,19.09610173,3.919988142,40.06872851,3.82908661,7.90211644,,85.03840183
1085thDP3,108,5th,2019/10/31,2020/9/10,10,1,180,北東,DP,fresh leaves,3,3,0,0,0,0,5,3,1,0,0,0,1,6,18,7,4,0,0,0,60,8.15,4.3,1.832166667,0.7,94.1,79.82797047,11.14282585,3.401770838,14.12135018,0.803835984,0.725951804,10.38635697,19.1581643,3.615986606,37.85411832,3.6130957,7.200778754,,82.55445244
1085thT81,108,5th,2019/10/23,2020/9/2,10,2,229,中南,T8,fresh leaves,1,1,0,0,3,0,4,2,1,0,0,0,1,14,19,8,5,1,0,0,65,5.33,3.8,1.2625,0.9,99.4,109.8562757,13.45009346,5.814714963,22.44426505,1.364618679,0.806378081,7.853643415,14.2701451,2.259782157,58.2976907,4.878238484,9.5485022,,97.91438013
1085thT82,108,5th,2019/10/23,2020/9/2,10,2,199,東中,T8,fresh leaves,2,2,0,0,0,0,0,1,1,0,0,0,1,11,21,16,8,2,0,0,65,6.63,4.5,1.422,0.8,97.1,100.2670754,16.43397423,5.371366263,21.07315892,1.538595138,0.822502959,7.608079828,18.09267425,2.217787465,54.58847861,4.619081762,8.929951315,,96.87855619
1085thT83,108,5th,2019/10/23,2020/9/2,10,2,170,西北,T8,fresh leaves,3,3,0,0,1,2,7,1,0,0,0,0,0,8,17,10,7,1,0,0,65,7.29,4.3,1.518833333,0.7,100.8,114.871691,16.30213766,4.911398195,22.63279248,1.126093224,0.919935057,8.188424455,16.47446577,2.558260794,61.29900459,5.063936022,9.734153494,,104.2381802
1085thT121,108,5th,2019/10/4,2020/8/8,6,3,50,南西,T12,fresh leaves,1,1,0,0,0,1,1,8,13,6,0,0,0,2,4,5,4,0,0,0,60,10.96,5,2.138833333,0.4,147.2,69.91429785,15.83596461,5.441263758,12.49436188,0.780144276,0.29090493,5.873357742,18.4115925,3.974486047,25.29439855,2.910755015,5.840242265,,62.59573704
1085thT122,108,5th,2019/10/4,2020/8/8,6,4,129,中中,T12,fresh leaves,2,2,0,0,0,0,0,2,2,1,0,0,1,5,8,13,5,4,0,0,60,10.58,4.8,2.134,0.4,145.8,74.11722837,14.52451521,5.302531095,14.00051189,0.820810996,0.291552913,6.124120011,19.91142148,4.020427055,28.86894775,3.203644855,6.386911929,,68.80702599
1085thT123,108,5th,2019/10/4,2020/8/8,6,4,110,北東,T12,fresh leaves,3,3,0,0,0,0,1,3,2,1,0,0,0,8,17,20,11,4,0,0,60,8.23,4.6,1.704809524,0.8,103.4,72.26614598,14.32010894,4.444261858,12.88694566,0.907719863,0.294676324,5.025611454,16.25108183,3.521284876,26.49597403,2.96910128,6.17233245,,60.73006224
1085thT181,108,5th,2019/11/5,2020/9/17,2,2,160,南西,T18,fresh leaves,1,1,0,0,0,0,3,3,0,1,0,0,0,0,8,14,7,4,2,0,59,8.32,5.4,1.471857143,0.9,126.1,132.65963,15.27893878,8.658590365,28.227962,1.767480816,2.200841502,13.68360861,19.91827434,5.533586669,62.31336993,7.006064886,13.70534877,,124.3610947
1085thT182,108,5th,2019/11/5,2020/9/17,2,2,140,中中,T18,fresh leaves,2,2,0,0,0,1,7,4,0,0,0,0,0,2,23,13,15,1,0,0,59,8.53,5,1.691166667,0.3,131.6,132.1621845,12.35017563,9.313528405,27.25171353,1.610549442,2.140119471,13.62538045,19.44842587,5.237364357,61.70245955,6.934963009,13.16033854,,122.2490513
1085thT183,108,5th,2019/11/5,2020/9/17,1,2,140,北東,T18,fresh leaves,3,3,0,0,0,9,6,4,0,0,0,0,0,1,13,15,6,2,0,0,59,6.9,4.6,1.435166667,0.7,111.9,139.9252818,12.27352436,7.9155328,28.22208812,1.433818288,2.251840496,13.36776234,21.2058858,5.436993433,67.06672903,6.995505821,13.93332259,,130.2580395
1085thT121,108,5th,2019/10/4,2020/8/8,6,3,50,南西,T12,black tea,1,1,0,0,0,1,1,8,13,6,0,0,0,2,4,5,4,0,0,0,60,10.96,5,2.138833333,0.4,147.2,32.69203078,14.89293619,3.16050067,6.634528599,1.052006284,,,,,,,,,0
1085thT122,108,5th,2019/10/4,2020/8/8,6,4,129,中中,T12,black tea,2,2,0,0,0,0,0,2,2,1,0,0,1,5,8,13,5,4,0,0,60,10.58,4.8,2.134,0.4,145.8,33.07332372,14.37212158,3.082189636,6.825994313,1.061560058,,,,,,,,,0
1085thT123,108,5th,2019/10/4,2020/8/8,6,4,110,北東,T12,black tea,3,3,0,0,0,0,1,3,2,1,0,0,0,8,17,20,11,4,0,0,60,8.23,4.6,1.704809524,0.8,103.4,31.047386,10.97715775,2.358304869,6.375698954,1.042306128,,,,,,,,,0
1085thDP1,108,5th,2019/10/31,2020/9/10,10,1,220,南西,DP,black tea,1,1,0,0,0,0,4,4,3,2,0,0,0,10,20,7,2,0,0,0,60,7.67,4.2,1.781833333,0.8,98.6,34.58731464,11.28393385,2.332583558,8.069349962,1.062646641,,,,,,,,,0
1085thDP2,108,5th,2019/10/31,2020/9/10,10,1,200,中中,DP,black tea,2,2,0,0,0,0,4,6,7,1,0,0,1,3,17,10,0,1,0,0,60,8.09,4.4,1.794666667,0.7,92.6,34.24303219,10.73276874,2.372183501,8.025317292,1.075747794,,,,,,,,,0
1085thDP3,108,5th,2019/10/31,2020/9/10,10,1,180,北東,DP,black tea,3,3,0,0,0,0,5,3,1,0,0,0,1,6,18,7,4,0,0,0,60,8.15,4.3,1.832166667,0.7,94.1,34.83836481,11.65844842,2.305373437,7.929914501,1.037001624,,,,,,,,,0
1085thT81,108,5th,2019/10/23,2020/9/2,10,2,229,中南,T8,black tea,1,1,0,0,3,0,4,2,1,0,0,0,1,14,19,8,5,1,0,0,65,5.33,3.8,1.2625,0.9,99.4,62.78379748,19.78316658,4.977186083,13.07693824,1.994038422,,,,,,,,,0
1085thT82,108,5th,2019/10/23,2020/9/2,10,2,199,東中,T8,black tea,2,2,0,0,0,0,0,1,1,0,0,0,1,11,21,16,8,2,0,0,65,6.63,4.5,1.422,0.8,97.1,64.72906212,20.32283764,5.111439387,13.42076599,2.057285116,,,,,,,,,0
1085thT83,108,5th,2019/10/23,2020/9/2,10,2,170,西北,T8,black tea,3,3,0,0,1,2,7,1,0,0,0,0,0,8,17,10,7,1,0,0,65,7.29,4.3,1.518833333,0.7,100.8,72.26516885,19.7572989,4.29145893,14.04414235,2.304652895,,,,,,,,,0
1085thT181,108,5th,2019/11/5,2020/9/17,2,2,160,南西,T18,green tea,1,1,0,0,0,0,3,3,0,1,0,0,0,0,8,14,7,4,2,0,59,8.32,5.4,1.471857143,0.9,126.1,160.749351,16.58714734,5.759586373,17.80852312,0.445754366,0.939406825,6.576940359,10.71905158,2.847208279,34.64505469,3.569901313,8.898040865,,68.19560391
1085thT182,108,5th,2019/11/5,2020/9/17,2,2,140,中中,T18,green tea,2,2,0,0,0,1,7,4,0,0,0,0,0,2,23,13,15,1,0,0,59,8.53,5,1.691166667,0.3,131.6,155.356757,13.25548552,6.771219612,17.61666375,0.420372166,1.156237752,7.229629979,12.00380873,3.23789432,35.65250319,3.571566096,9.118533207,,71.97017328
1085thT183,108,5th,2019/11/5,2020/9/17,1,2,140,北東,T18,green tea,3,3,0,0,0,9,6,4,0,0,0,0,0,1,13,15,6,2,0,0,59,6.9,4.6,1.435166667,0.7,111.9,156.8013902,15.73978645,5.901158521,18.19864995,0.472878221,1.143146679,7.366414365,12.95248667,3.274562755,38.2792118,3.963695514,9.963380881,,76.94289866
1086thDP1,108,6th,2019/12/23,2020/10/30,2,4,100,東南,DP,fresh leaves,1,1,0,0,0,0,1,0,0,0,0,0,1,19,26,13,0,0,0,0,65,4.76,3.5,1.355333333,0.9,60.7,81.95123998,9.752311633,3.509571413,16.98473196,0.89625369,0.291358433,6.580922974,24.14367659,4.690060272,33.45809599,3.562634288,6.980862289,,79.70761083
1086thDP2,108,6th,2019/12/23,2020/10/30,2,6,051(=2-5 081),西中,DP,fresh leaves,2,2,0,0,0,0,0,0,0,0,0,0,4,50,19,1,0,0,0,0,65,5.96,3.5,1.655166667,1,61.5,78.77232638,8.280533526,4.164275663,16.00098049,0.839430438,0.290926555,6.672989182,22.0952834,4.896846945,32.02747287,3.173788579,6.744471645,,75.90177916
1086thDP3,108,6th,2019/12/23,2020/10/30,2,5,41,中北,DP,fresh leaves,3,3,0,0,0,0,0,0,0,0,0,0,2,37,21,5,0,0,0,0,65,8.15,4.2,1.862666667,0.9,74.31,79.05296499,8.07882684,3.571998336,16.79069998,0.864580761,0.292199281,6.669015398,22.52231817,4.263460602,32.64955065,3.450379999,6.951665342,,76.79858944
1086thT81,108,6th,2019/12/18,2020/10/22,10,2,31,東北,T8,fresh leaves,1,1,0,0,4,1,0,0,0,0,0,0,1,12,16,1,0,0,0,0,65,2.94,3.7,0.777666667,0.9,59.1,109.2067971,13.24640089,9.130083656,26.65546697,1.315277356,0.30159826,8.384863882,18.67502404,2.865141994,53.59991431,4.722739251,10.44840421,,98.99768595
1086thT82,108,6th,2019/12/18,2020/10/22,10,2,51,中中,T8,fresh leaves,2,2,0,0,0,2,0,0,0,0,0,0,5,17,21,9,1,0,0,0,65,2.91,3.4,0.812333333,1,58.3,110.2191573,16.14032918,9.533908137,26.73077729,1.506717752,0.301473057,8.696307836,17.84732083,2.608121796,52.11415367,4.928501044,10.09165604,,96.58753427
1086thT83,108,6th,2019/12/18,2020/10/22,10,2,71,西南,T8,fresh leaves,3,3,0,0,1,0,0,0,0,0,0,0,4,15,19,4,0,0,0,0,65,2.59,3.2,0.831666667,0.8,67.3,109.8337647,13.94725828,9.704521449,28.0905301,1.441002037,0.298240546,8.820244941,19.09224725,2.976522494,55.36291942,4.995289465,10.62773625,,102.1732004
1086thT121,108,6th,2019/11/25,2020/10/4,6,3,20,南西,T12,fresh leaves,1,1,0,0,0,0,0,0,0,0,0,0,0,13,28,17,2,0,0,0,61,8.54,4.4,1.913333333,1,108.5,78.03227347,10.34917299,2.919521161,12.85177752,0.777718479,0.286862757,6.462924033,24.29247919,3.970041475,31.07741881,3.228214872,6.32557262,,75.64351375
1086thT122,108,6th,2019/11/25,2020/10/4,6,4,90,中中,T12,fresh leaves,2,2,0,0,0,0,0,0,0,0,0,0,0,15,17,18,6,0,0,0,61,6.15,4.1,1.377666667,1,101.9,76.48714866,8.155433313,2.683822685,12.4897038,0.622484061,0.286364377,6.528020378,23.75282431,4.089296818,29.43744431,2.97405081,5.947756208,,73.01575721
1086thT123,108,6th,2019/11/25,2020/10/4,6,4,70,北東,T12,fresh leaves,3,3,0,0,0,0,0,0,0,0,0,0,2,9,20,32,10,0,0,0,61,6.41,4,1.5425,1,95.3,86.17416203,8.57552051,2.71990542,12.63120684,0.708437717,0.284676644,7.326359796,27.20833402,3.970424314,32.81426968,3.141341096,6.607823625,,81.35322917
1086thT171,108,6th,2019/12/16,2020/9/6,3,3,156,西南,T17,fresh leaves,1,1,0,0,0,0,1,3,2,0,0,0,0,0,6,6,14,1,0,0,59,4.58,4.6,0.959642857,0.9,95.8,193.1712369,8.713110274,3.704709241,17.59100404,1.184194973,0.282043821,7.492156974,29.35923574,6.11700514,37.76742469,4.08506823,10.0905863,,95.1935209
1086thT172,108,6th,2019/12/16,2020/9/6,3,2,130,中中,T17,fresh leaves,2,2,0,0,1,2,5,5,2,0,0,0,0,2,6,9,1,0,0,0,59,8.93,4.7,1.824571429,0.2,93.2,215.0621752,9.068187956,6.17831179,20.30638396,1.139366991,0.280254101,9.85563143,29.81450375,7.382805395,42.05828774,4.432937883,10.9106368,,104.7350571
1086thT173,108,6th,2019/12/16,2020/9/6,3,1,103,東北,T17,fresh leaves,3,3,0,0,4,5,7,2,0,0,0,0,1,1,4,1,0,0,0,0,59,7.34,4.2,1.680833333,0.2,96.72,191.4514207,10.9689452,5.588443128,20.88504284,1.30407439,0.281312896,7.668021894,29.03897564,6.003332487,37.79197462,3.904896387,10.1083315,,94.79684542
1086thDP1,108,6th,2019/12/23,2020/10/30,2,4,100,東南,DP,black tea,1,1,0,0,0,0,1,0,0,0,0,0,1,19,26,13,0,0,0,0,65,4.76,3.5,1.355333333,0.9,60.7,42.40026126,7.193011353,2.132382502,17.55023316,2.912389677,0,0,0,0,0,0,3.741270533,,3.741270533
1086thDP2,108,6th,2019/12/23,2020/10/30,2,6,051(=2-5 081),西中,DP,black tea,2,2,0,0,0,0,0,0,0,0,0,0,4,50,19,1,0,0,0,0,65,5.96,3.5,1.655166667,1,61.5,44.07038885,8.861785786,2.390864448,19.18518731,2.617828056,0,0,0,0,0,0,3.668271024,,3.668271024
1086thDP3,108,6th,2019/12/23,2020/10/30,2,5,41,中北,DP,black tea,3,3,0,0,0,0,0,0,0,0,0,0,2,37,21,5,0,0,0,0,65,8.15,4.2,1.862666667,0.9,74.31,44.78560325,7.962106812,2.244516219,20.5312333,2.59391163,0,0,0,0,0,0,3.787335374,,3.787335374
1086thT81,108,6th,2019/12/18,2020/10/22,10,2,31,東北,T8,black tea,1,1,0,0,4,1,0,0,0,0,0,0,1,12,16,1,0,0,0,0,65,2.94,3.7,0.777666667,0.9,59.1,67.75180556,14.16020444,1.279046909,29.82038638,3.77750173,0,0,0,0.962532831,13.30233172,3.904905905,4.852887415,,26.8001596
1086thT82,108,6th,2019/12/18,2020/10/22,10,2,51,中中,T8,black tea,2,2,0,0,0,2,0,0,0,0,0,0,5,17,21,9,1,0,0,0,65,2.91,3.4,0.812333333,1,58.3,67.11935351,13.18070212,1.316321318,29.74785182,3.785203501,0,0,0,0.913321749,13.24809953,3.811806415,4.82313455,,26.58156574
1086thT83,108,6th,2019/12/18,2020/10/22,10,2,71,西南,T8,black tea,3,3,0,0,1,0,0,0,0,0,0,0,4,15,19,4,0,0,0,0,65,2.59,3.2,0.831666667,0.8,67.3,65.00996182,10.8238949,1.091583302,28.57290015,3.708706731,0,0,0,0.66332278,12.82254925,3.615579328,4.774252177,,25.58441026
1086thT121,108,6th,2019/11/25,2020/10/4,6,3,20,南西,T12,black tea,1,1,0,0,0,0,0,0,0,0,0,0,0,13,28,17,2,0,0,0,61,8.54,4.4,1.913333333,1,108.5,44.3852609,5.300659226,5.741467397,12.77891824,2.234362942,0,0,0,0.963196011,11.32487051,0,0,,14.52242947
1086thT122,108,6th,2019/11/25,2020/10/4,6,4,90,中中,T12,black tea,2,2,0,0,0,0,0,0,0,0,0,0,0,15,17,18,6,0,0,0,61,6.15,4.1,1.377666667,1,101.9,40.47289651,6.997059587,5.87299111,12.6628277,2.009308091,0,0,0,0.824163948,11.13843314,0,0,,13.97190518
1086thT123,108,6th,2019/11/25,2020/10/4,6,4,70,北東,T12,black tea,3,3,0,0,0,0,0,0,0,0,0,0,2,9,20,32,10,0,0,0,61,6.41,4,1.5425,1,95.3,42.81721458,7.105490686,5.097977467,13.08739659,2.159566985,0,0,0,0.987262767,11.24663578,0,0,,14.39346553
1086thT171,108,6th,2019/12/16,2020/9/6,3,3,156,西南,T17,black tea,1,1,0,0,0,0,1,3,2,0,0,0,0,0,6,6,14,1,0,0,59,4.58,4.6,0.959642857,0.9,95.8,99.72081549,10.00745303,5.742317871,18.78280342,2.163378887,0,0,0,0,12.00465565,0,4.67680389,,18.84483843
1086thT172,108,6th,2019/12/16,2020/9/6,3,2,130,中中,T17,black tea,2,2,0,0,1,2,5,5,2,0,0,0,0,2,6,9,1,0,0,0,59,8.93,4.7,1.824571429,0.2,93.2,92.36568011,11.11332359,5.662650398,18.43772657,2.027494793,0,0,0,0,11.83609151,0,4.654019934,,18.51760623
1086thT173,108,6th,2019/12/16,2020/9/6,3,1,103,東北,T17,black tea,3,3,0,0,4,5,7,2,0,0,0,0,1,1,4,1,0,0,0,0,59,7.34,4.2,1.680833333,0.2,96.72,95.7684261,12.33633898,5.523284358,19.60994544,2.116925491,0,0,0,0,12.16558361,0,4.837099223,,19.11960832
1091stDP1,109,1st,2020/3/11,2020/1/3,10,1,200,西,DP,fresh leaves,1,1,0,0,0,0,2,1,3,0,0,0,0,0,1,10,3,0,0,0,55,8.19,3.7,1.544166667,0.6,142.1,76.74978125,15.99997809,6.154552891,14.77122559,0.523314845,0.850827784,6.554849656,20.46455844,4.308218972,27.46865534,2.408781282,4.911051718,,66.96694319
1091stDP2,109,1st,2020/3/11,2020/1/3,10,1,140,中,DP,fresh leaves,2,2,0,0,0,0,0,0,2,0,0,0,0,0,6,14,3,0,0,0,55,10.96,4.4,1.555333333,0.5,131.8,74.21366294,16.98192858,7.071995439,13.50162173,0.523675643,0.933400147,6.40694967,19.60801203,4.246076865,26.93570231,2.41420708,4.822172169,,65.36652028
1091stDP3,109,1st,2020/3/11,2020/1/3,10,1,90,東,DP,fresh leaves,3,3,0,0,0,0,0,3,1,0,0,0,0,1,8,7,1,0,0,0,55,9.76,4.4,1.894166667,0.6,123.2,74.20536921,16.68513816,6.256425791,14.05481528,0.499839332,0.963308004,6.685521301,20.35975089,4.429350162,26.74244841,2.481497492,4.810074766,,66.47195102
1091stT121,109,1st,2020/2/24,2020/12/23,6,3,50,南西,T12,fresh leaves,1,1,0,1,0,2,2,1,1,0,0,0,0,2,13,8,2,0,0,0,53,7.41,4.3,2.119166667,0.7,118,78.03519093,22.80096301,9.517974727,15.12185775,0.701687583,0.784552714,6.341545959,20.26950139,4.473192295,27.59371307,2.671800491,5.265723481,,67.4000294
1091stT122,109,1st,2020/2/24,2020/12/23,6,4,110,中中,T12,fresh leaves,2,2,0,0,0,2,4,4,1,0,0,0,0,1,13,8,1,0,0,0,53,7.03,4.4,2.4335,0.6,121.7,91.66061308,15.2920852,5.343833127,14.25419424,0.609013882,0.947050037,8.014888994,27.6843169,5.795308601,28.81482509,2.805680081,5.414866475,,79.47693618
1091stT123,109,1st,2020/2/24,2020/12/23,6,4,80,北東,T12,fresh leaves,3,3,0,0,0,0,2,2,0,0,0,0,0,5,6,10,2,0,0,0,53,9.25,4.7,2.1285,0.7,106.6,89.923228,16.36011434,6.086990229,14.90557925,0.872884029,0.893157371,7.931754246,26.73569867,5.407366544,27.92063743,2.570165475,5.160277317,,76.61905706
1091stDP1,109,1st,2020/3/11,2020/1/3,10,1,200,西,DP,black tea,1,1,0,0,0,0,2,1,3,0,0,0,0,0,1,10,3,0,0,0,55,8.19,3.7,1.544166667,0.6,142.1,33.35936965,14.36026828,3.328487377,13.70213251,2.259786727,0.472413102,2.09048468,3.07346795,1.041580511,6.528395833,1.29547382,2.474002608,,16.9758185
1091stDP2,109,1st,2020/3/11,2020/1/3,10,1,140,中,DP,black tea,2,2,0,0,0,0,0,0,2,0,0,0,0,0,6,14,3,0,0,0,55,10.96,4.4,1.555333333,0.5,131.8,34.41008634,15.42803524,3.987643076,14.33402326,2.470259386,0.461044337,2.289380537,3.033202763,1.138967326,6.498621678,1.319905726,2.454480399,,17.19560277
1091stDP3,109,1st,2020/3/11,2020/1/3,10,1,90,東,DP,black tea,3,3,0,0,0,0,0,3,1,0,0,0,0,1,8,7,1,0,0,0,55,9.76,4.4,1.894166667,0.6,123.2,33.28248749,15.30729388,4.183391281,13.58411637,2.113126572,0.399672176,1.994534446,2.6077459,0.99615743,6.324771532,1.366624796,2.301727162,,15.99123344
1091stT121,109,1st,2020/2/24,2020/12/23,6,3,50,南西,T12,black tea,1,1,0,1,0,2,2,1,1,0,0,0,0,2,13,8,2,0,0,0,53,7.41,4.3,2.119166667,0.7,118,39.0201429,19.14504359,5.097646942,14.27216067,2.458890437,0.827370248,2.126527883,2.711258529,1.217157618,6.514667809,1.425561362,2.598943357,,17.4214868
1091stT122,109,1st,2020/2/24,2020/12/23,6,4,110,中中,T12,black tea,2,2,0,0,0,2,4,4,1,0,0,0,0,1,13,8,1,0,0,0,53,7.03,4.4,2.4335,0.6,121.7,37.48521119,18.19065481,4.693148505,14.23586409,2.171046125,1.100545132,2.573085855,3.007962315,1.520930406,6.281028118,1.643388102,2.418300217,,18.54524015
1091stT123,109,1st,2020/2/24,2020/12/23,6,4,80,北東,T12,black tea,3,3,0,0,0,0,2,2,0,0,0,0,0,5,6,10,2,0,0,0,53,9.25,4.7,2.1285,0.7,106.6,36.1712206,19.396938,5.090956796,13.70220412,2.193625893,0.930213493,2.158713075,2.718076121,1.090382505,6.359986486,1.524305789,2.552865028,,17.3345425
1092ndDP1,109,2nd,2020/4/21,2020/3/11,10,1,200,西,DP,fresh leaves,1,1,0,0,1,14,9,0,0,0,0,0,0,3,17,9,1,0,0,0,56,9.59,4.2,2.251333333,0.2,93.4,125.6970105,15.15988502,5.722771935,44.58941972,0.705282669,3.344166062,16.97653912,52.21640805,19.84406606,101.3312114,9.15544232,19.31378348,,222.1816165
1092ndDP2,109,2nd,2020/4/21,2020/3/11,10,1,160,東,DP,fresh leaves,2,2,0,1,10,16,5,0,0,0,0,0,1,5,6,0,0,0,0,0,56,10.63,3.9,2.751833333,0.4,105.9,122.9325543,15.29923378,6.081794168,47.10952807,0.783618283,3.0363758,16.7296477,51.82425631,18.7038659,99.81643498,8.941485596,18.8837871,,217.9358534
1092ndDP3,109,2nd,2020/4/21,2020/3/11,10,1,140,中,DP,fresh leaves,3,3,0,0,3,14,10,2,0,0,0,0,0,4,18,5,1,0,0,0,56,10.69,3.8,2.758666667,0,102.1,130.1643118,14.26198903,5.246438144,45.43172204,0.759665609,3.324155312,17.1426972,52.91040026,19.9564128,101.7340561,9.099420444,19.92631274,,224.0934548
1092ndFS1,109,2nd,2020/4/19,2020/3/12,5,2,119,南西,FS,fresh leaves,1,1,0,0,3,13,10,2,0,0,0,0,0,7,3,1,0,0,0,0,58,6.46,3,2.070833333,0.1,98.6,129.6062435,17.48600605,7.624840251,44.29623933,0.720911075,3.679025611,15.50839894,37.71420647,18.68954025,117.0125433,11.36077318,29.01963109,,232.9841188
1092ndFS2,109,2nd,2020/4/19,2020/3/12,5,2,98,中,FS,fresh leaves,2,2,0,0,0,4,8,3,0,0,0,0,0,0,4,6,1,0,0,0,58,7.04,3.6,1.901833333,0.1,106.9,137.2576997,18.90670236,8.497731252,48.88917644,0.78148982,3.535183519,15.45092876,36.35441688,17.70897943,119.5346836,12.00768178,30.11351082,,234.7053848
1092ndFS3,109,2nd,2020/4/19,2020/3/12,5,1,40,北東,FS,fresh leaves,3,3,0,0,0,0,5,6,0,0,0,0,0,1,4,7,1,0,0,0,58,7.68,3.7,2.013333333,0,112.5,135.2123581,18.55274887,8.59162683,46.45464582,0.778804319,3.84420822,15.74769525,36.56461711,18.78870236,120.4926894,12.35462004,31.03683475,,238.8293671
1092ndT121,109,2nd,2020/4/8,2020/2/26,6,3,51,南西,T12,fresh leaves,1,1,0,0,6,15,16,1,0,0,0,0,0,2,12,10,0,0,0,0,56,8.55,3.5,2.385833333,0,88.1,112.9311726,17.13868505,6.379262623,40.00523787,1.119380762,2.12169469,14.54241117,42.7049587,14.65774231,88.2477616,8.931509763,16.14923882,,187.355317
1092ndT122,109,2nd,2020/4/8,2020/2/26,6,2,60,北中,T12,fresh leaves,2,2,0,0,4,15,12,2,0,0,0,0,0,1,9,6,0,0,0,0,56,6.99,3.2,2.189333333,0,93.7,95.9647634,19.55213239,7.71735866,41.0698519,1.026040157,1.700930464,13.31080798,38.55115248,12.62329617,76.50416614,8.03574766,13.65721913,,164.38332
1092ndT123,109,2nd,2020/4/8,2020/2/26,6,4,081中東,NULL,T12,fresh leaves,3,3,0,0,2,19,15,1,0,0,0,0,0,0,1,4,0,0,0,0,56,8.41,3.3,2.51,0.2,94.5,105.6536573,18.78727627,7.940995148,39.8174131,0.952420624,2.359102965,13.93214959,40.40235577,14.83595629,84.33855061,9.201029853,15.65612347,,180.7252686
1092ndT181,109,2nd,2020/5/18,2020/3/30,2,1,40,中東,T18,fresh leaves,1,1,0,0,1,4,15,1,0,0,0,0,0,0,2,5,0,0,0,0,60,10.28,4.4,2.201285714,0.1,154.3,138.8622217,24.08629789,12.97406602,59.78326997,0.628918413,6.945825821,32.17236577,43.82751458,25.15274958,87.32530966,10.76476244,29.42358212,,235.61211
1092ndT182,109,2nd,2020/5/18,2020/3/30,2,1,70,北中,T18,fresh leaves,2,2,0,0,0,8,6,3,1,0,0,0,0,0,1,0,0,0,0,0,60,12.77,5.3,2.376309524,0,173.7,152.0163052,20.18168083,9.753350881,70.29916622,0.666814752,7.813056929,35.11293676,49.57152023,29.31184288,102.7096748,12.15013802,37.05108131,,273.7202509
1092ndT183,109,2nd,2020/5/18,2020/3/30,3,1,100,南西,T18,fresh leaves,3,3,0,0,0,10,8,3,0,0,0,0,0,1,2,2,1,0,0,0,60,12.45,5.4,2.266166667,0,193.5,144.6489613,21.7898485,10.57904805,67.10890247,0.614796681,7.511796044,34.95395729,47.75624685,28.16816446,96.38188641,11.62255942,34.30977072,,260.7043812
1092ndT81,109,2nd,2020/5/7,2020/3/15,11,2,30,西,T8,fresh leaves,1,1,0,0,0,1,13,6,0,0,0,0,0,0,3,2,4,0,0,0,65,9.08,4.4,2.005333333,0.6,147,130.4183068,32.54968785,16.2474369,62.55999846,0.720098138,2.796786043,22.47815558,42.60727988,12.45165497,122.9688613,11.35672918,22.42022301,,237.07969
1092ndT82,109,2nd,2020/5/7,2020/3/15,11,2,70,中,T8,fresh leaves,2,2,0,0,0,0,8,3,0,0,0,0,0,0,8,9,3,0,0,0,65,7.3,4.2,1.707166667,0.6,113.5,150.8441922,24.06098073,11.68115432,59.72656179,0.632097341,3.495913479,26.39501363,51.90627828,15.18085146,133.5837843,12.11676927,24.91807514,,267.5966855
1092ndT83,109,2nd,2020/5/7,2020/3/15,11,2,100,東,T8,fresh leaves,3,3,0,0,0,2,5,6,0,0,0,0,0,0,10,14,2,0,0,0,65,7.36,4,1.835166667,0.6,133.3,138.7177227,26.1167886,12.9331005,65.14071577,0.67639653,3.187264685,24.17439417,48.11392832,13.56562955,139.0889453,12.59059831,25.99447454,,266.7152349
1092ndDP1,109,2nd,2020/4/21,2020/3/11,10,1,200,西,DP,black tea,1,1,0,0,1,14,9,0,0,0,0,0,0,3,17,9,1,0,0,0,56,9.59,4.2,2.251333333,0.2,93.4,57.74056665,16.95663036,4.044686408,42.95506273,2.982987379,2.669186287,19.90396936,16.38541746,4.425957361,2.299739103,2.44958168,3.906631115,,52.04048237
1092ndDP2,109,2nd,2020/4/21,2020/3/11,10,1,160,東,DP,black tea,2,2,0,1,10,16,5,0,0,0,0,0,1,5,6,0,0,0,0,0,56,10.63,3.9,2.751833333,0.4,105.9,52.59529166,15.06473476,3.506632789,41.3589628,2.953527025,2.352088988,19.38071986,13.45907042,3.698385466,0.62663483,2.369338208,2.970275211,,44.85651298
1092ndDP3,109,2nd,2020/4/21,2020/3/11,10,1,140,中,DP,black tea,3,3,0,0,3,14,10,2,0,0,0,0,0,4,18,5,1,0,0,0,56,10.69,3.8,2.758666667,0,102.1,46.95469814,15.20426423,3.5094333,40.43723626,2.620448419,2.103656871,18.81429893,12.52913063,3.154058258,-0.716167323,2.347830571,2.001136451,,40.23394439
1092ndFS1,109,2nd,2020/4/19,2020/3/12,5,2,119,南西,FS,black tea,1,1,0,0,3,13,10,2,0,0,0,0,0,7,3,1,0,0,0,0,58,6.46,3,2.070833333,0.1,98.6,59.02706042,22.74755041,6.723032887,22.20360057,3.087914079,1.481593017,12.54746714,7.103380209,2.61262199,8.798758422,1.283469391,5.56716356,,39.39445372
1092ndFS2,109,2nd,2020/4/19,2020/3/12,5,2,98,中,FS,black tea,2,2,0,0,0,4,8,3,0,0,0,0,0,0,4,6,1,0,0,0,58,7.04,3.6,1.901833333,0.1,106.9,49.74028519,23.62466565,6.880482263,19.98070142,2.688669254,1.040097986,11.38249562,6.149046638,2.225324453,7.919913718,1.18807518,4.420423601,,34.3253772
1092ndFS3,109,2nd,2020/4/19,2020/3/12,5,1,40,北東,FS,black tea,3,3,0,0,0,0,5,6,0,0,0,0,0,1,4,7,1,0,0,0,58,7.68,3.7,2.013333333,0,112.5,54.95949999,23.00171913,6.549971995,22.19303825,2.719561705,1.058659979,12.01171999,6.084997863,2.054101384,7.323118917,1.199424674,3.733402861,,33.46542567
1092ndT121,109,2nd,2020/4/8,2020/2/26,6,3,51,南西,T12,green tea,1,1,0,0,6,15,16,1,0,0,0,0,0,2,12,10,0,0,0,0,56,8.55,3.5,2.385833333,0,88.1,110.1144409,23.58702993,6.281920272,22.00848854,0.635973785,1.161442081,8.267432674,21.331884,7.849569515,57.56336437,6.065611061,11.07076874,,113.3100724
1092ndT122,109,2nd,2020/4/8,2020/2/26,6,2,60,北中,T12,green tea,2,2,0,0,4,15,12,2,0,0,0,0,0,1,9,6,0,0,0,0,56,6.99,3.2,2.189333333,0,93.7,123.1343315,24.89614187,7.472120952,22.66179416,0.60537077,1.160095847,8.425860548,20.9134967,8.004424967,59.10005513,6.197381854,11.49464201,,115.2959571
1092ndT123,109,2nd,2020/4/8,2020/2/26,6,4,81,中東,T12,green tea,3,3,0,0,2,19,15,1,0,0,0,0,0,0,1,4,0,0,0,0,56,8.41,3.3,2.51,0.2,94.5,113.451535,20.13373727,6.343369731,22.52697122,0.596429557,1.298946151,8.566489025,20.56689817,8.301017288,62.08295052,6.454532022,12.21174306,,119.4825762
1092ndT181,109,2nd,2020/5/18,2020/3/30,2,1,40,中東,T18,black tea,1,1,0,0,1,4,15,1,0,0,0,0,0,0,2,5,0,0,0,0,60,10.28,4.4,2.201285714,0.1,154.3,65.51731125,23.59691475,8.276310105,30.53499373,2.808443328,0.596535447,26.67410297,7.960434197,1.78390216,7.158066709,2.873756885,5.169701484,,52.21649986
1092ndT182,109,2nd,2020/5/18,2020/3/30,2,1,70,北中,T18,black tea,2,2,0,0,0,8,6,3,1,0,0,0,0,0,1,0,0,0,0,0,60,12.77,5.3,2.376309524,0,173.7,62.24980765,24.72675426,8.743176263,29.19937664,2.757757904,0.809090299,26.05824629,6.386757517,1.82153181,7.214872595,2.744209453,4.590475658,,49.62518362
1092ndT183,109,2nd,2020/5/18,2020/3/30,3,1,100,南西,T18,black tea,3,3,0,0,0,10,8,3,0,0,0,0,0,1,2,2,1,0,0,0,60,12.45,5.4,2.266166667,0,193.5,65.83043852,23.54906862,8.183627958,30.73820312,2.821376478,0.80600408,26.9754694,6.102626836,1.828471713,7.242868323,2.894832287,5.291017031,,51.14128967
1092ndT81,109,2nd,2020/5/7,2020/3/15,11,2,30,西,T8,green tea,1,1,0,0,0,1,13,6,0,0,0,0,0,0,3,2,4,0,0,0,65,9.08,4.4,2.005333333,0.6,147,144.5726623,25.39406289,11.32331431,68.05263284,0.709941875,3.691313993,29.73130592,46.36776057,15.08138965,135.8929595,14.3085683,25.46080102,,270.5340989
1092ndT82,109,2nd,2020/5/7,2020/3/15,11,2,70,中,T8,green tea,2,2,0,0,0,0,8,3,0,0,0,0,0,0,8,9,3,0,0,0,65,7.3,4.2,1.707166667,0.6,113.5,132.8707392,23.6093525,9.913105637,64.129231,0.614074981,3.474549206,29.60001001,47.4764317,14.55043702,131.4923929,13.63764699,23.56728171,,263.7987495
1092ndT83,109,2nd,2020/5/7,2020/3/15,11,2,100,東,T8,green tea,3,3,0,0,0,2,5,6,0,0,0,0,0,0,10,14,2,0,0,0,65,7.36,4,1.835166667,0.6,133.3,146.3676564,22.45286966,8.61448566,65.71451533,0.621415558,3.564105423,29.91471546,47.93957408,14.97539366,131.4327567,13.69131808,23.70568604,,265.2235495
1093rdDP1,109,3rd,2020/6/9,2020/4/23,2,4,81,東南,DP,fresh leaves,1,1,0,0,2,25,36,3,0,0,0,0,0,1,7,1,0,0,0,0,57,10.24,3.6,2.849833333,0,81.6,91.19,21.12,9.72,19.295,0.555,1.72,9.02,21.23,8.775,40.455,3.25,7.84,,92.295
1093rdDP2,109,3rd,2020/6/9,2020/4/23,2,5,40,中北,DP,fresh leaves,2,2,0,0,4,26,21,2,0,0,0,0,0,1,4,1,0,0,0,0,57,11.78,3.4,3.471666667,0,93.7,95.695,17.65,7.5,20.42,0.515,1.575,8.885,21.95,8.615,45.015,3.505,8.6,,98.14
1093rdDP3,109,3rd,2020/6/9,2020/4/23,2,6,030(060),西中,DP,fresh leaves,3,3,0,0,9,38,7,0,0,0,0,0,0,1,4,0,0,0,0,0,57,8.94,3.2,2.792333333,0,80.9,95.505,21.065,9.855,20.945,0.5,1.655,9.07,21.55,8.815,43.895,3.595,8.58,,97.16
1093rdFS1,109,3rd,2020/6/2,2020/4/19,5,2,130,南西,FS,fresh leaves,1,1,0,0,0,1,1,15,12,0,0,0,0,0,3,4,8,1,0,0,59,10.73,4.8,2.236285714,0.1,127.2,101.135,20.4,9.31,19.605,0.545,1.47,7.815,15.59,7.245,48.795,4.33,11.54,,96.785
1093rdFS2,109,3rd,2020/6/2,2020/4/19,5,2,109,中,FS,fresh leaves,2,2,0,0,1,2,10,10,4,0,0,0,0,1,3,4,1,0,0,0,59,11.04,4.3,2.5465,0,131,96.43,19.615,8.765,18.21,0.485,1.48,7.495,15.57,7.115,50.115,4.325,11.675,,97.77
1093rdFS3,109,3rd,2020/6/2,2020/4/19,5,1,50,北東,FS,fresh leaves,3,3,0,0,1,9,12,11,2,0,0,0,0,0,4,2,4,0,0,0,59,9.71,4.4,2.256666667,0.1,111.5,88.815,22.7,12.02,17.15,0.515,1.74,7.47,14.335,7.305,40.46,3.295,8.655,,83.26
1093rdT121,109,3rd,2020/5/25,2020/4/8,6,3,50,南西,T12,fresh leaves,1,1,0,2,26,30,6,0,0,0,0,0,0,0,1,1,0,0,0,0,57,9.22,4.8,1.937619048,0,72.1,92.34,26.83,10.22,28.535,1.2,1.18,7.67,16.505,5.34,30.25,3.31,6.645,,70.915
1093rdT122,109,3rd,2020/5/25,2020/4/8,6,4,110,中中,T12,fresh leaves,2,2,0,3,9,32,22,0,0,0,0,0,0,1,1,1,0,0,0,0,57,8.93,4.1,2.111,0,76,90.66,24.74,8.66,29.705,1.325,1.19,7.64,17.545,5.52,29.42,2.79,6.15,,70.245
1093rdT123,109,3rd,2020/5/25,2020/4/8,6,4,79,北東,T12,fresh leaves,3,3,0,3,18,34,9,2,0,0,0,0,0,1,1,0,0,0,0,0,57,8.03,3.9,2.0635,0,64.3,82.92,27.425,10.205,27.515,1.135,0.64,7.42,12.35,4.495,23.81,2.195,5.205,,56.115
1093rdT81,109,3rd,2020/6/30,2020/5/7,10,2,32,西,T8,fresh leaves,1,1,0,0,0,0,1,8,4,0,0,0,0,0,6,6,8,1,0,0,65,8.87,4,2.0575,0.2,163.9,113.335,28.99,18.48,26.33,0.615,2.065,14.66,24.17,5.88,47.275,4.12,8.995,,107.16
1093rdT82,109,3rd,2020/6/30,2020/5/7,10,2,50,中,T8,fresh leaves,2,2,0,0,0,0,3,3,7,1,0,0,0,0,2,5,10,5,0,0,65,9.58,3.9,2.294833333,0.3,153.7,118.465,21.46,14.13,26.25,0.53,2.14,15.455,26.51,6.155,50.165,3.86,9.4,,113.69
1093rdT83,109,3rd,2020/6/30,2020/5/7,10,2,91,東,T8,fresh leaves,3,3,0,0,0,0,0,1,9,2,0,0,0,0,2,3,8,3,0,0,65,9.13,4,2.253166667,0.5,149.6,119.935,26.445,17.36,30.065,0.61,2.055,15.01,25.45,5.97,53.215,4.08,9.805,,115.575
1093rdT181,109,3rd,2020/6/23,2020/5/4,12,2,40,北東,T18,fresh leaves,1,1,0,0,1,11,32,10,0,0,0,0,0,0,0,2,0,0,0,0,60,9.16,4.3,2.0855,0,117.1,115.795,32.22,20.18,38.885,0.765,2.945,14.595,21.835,8.095,44.405,5.015,10.245,,107.14
1093rdT182,109,3rd,2020/6/23,2020/5/4,12,2,60,中中,T18,fresh leaves,2,2,0,0,1,25,33,7,1,0,0,0,0,1,7,8,1,0,0,0,60,7.55,3.8,1.914166667,0.1,101.4,117.43,26.71,15.435,42.275,0.645,2.76,14.78,22.745,7.76,45.49,4.46,10.555,,108.55
1093rdT183,109,3rd,2020/6/23,2020/5/4,12,1,50,南西,T18,fresh leaves,3,3,0,0,3,8,33,10,1,0,0,0,0,0,2,2,0,0,0,0,60,8.96,4,2.049333333,0.3,119.2,124.37,28.615,16.685,44.14,0.74,3.03,15.26,23.435,8.425,47.26,5.1,11.08,,113.595
1093rdDP1,109,3rd,2020/6/9,2020/4/23,2,4,81,東南,DP,green tea,1,1,0,0,2,25,36,3,0,0,0,0,0,1,7,1,0,0,0,0,57,10.24,3.6,2.849833333,0,81.6,115.1,18.94,5.855,27.265,0.285,1.84,11.43,28.07,6.905,45.755,4.295,7.415,,105.695
1093rdDP2,109,3rd,2020/6/9,2020/4/23,2,5,40,中北,DP,green tea,2,2,0,0,4,26,21,2,0,0,0,0,0,1,4,1,0,0,0,0,57,11.78,3.4,3.471666667,0,93.7,110.04,23.75,8.135,28.225,0.56,2.14,12.03,25.755,7.235,42.19,4.18,7.285,,100.815
1093rdDP3,109,3rd,2020/6/9,2020/4/23,2,6,030(060),西中,DP,green tea,3,3,0,0,9,38,7,0,0,0,0,0,0,1,4,0,0,0,0,0,57,8.94,3.2,2.792333333,0,80.9,106.985,22.87,6.97,27.635,0.585,1.875,11.295,25.19,6.625,42.985,4.13,7.35,,99.455
1093rdFS1,109,3rd,2020/6/2,2020/4/19,5,2,130,南西,FS,black tea,1,1,0,0,0,1,1,15,12,0,0,0,0,0,3,4,8,1,0,0,59,10.73,4.8,2.236285714,0.1,127.2,45.2,25.025,7.995,24.89,2.545,1.22,15.685,5.555,1.14,4.26,0.94,1.945,,30.745
1093rdFS2,109,3rd,2020/6/2,2020/4/19,5,2,109,中,FS,black tea,2,2,0,0,1,2,10,10,4,0,0,0,0,1,3,4,1,0,0,0,59,11.04,4.3,2.5465,0,131,44.29,25.965,7.18,24.345,2.52,1.205,15.3,5.51,1.115,4.245,0.925,1.915,,30.22
1093rdFS3,109,3rd,2020/6/2,2020/4/19,5,1,50,北東,FS,black tea,3,3,0,0,1,9,12,11,2,0,0,0,0,0,4,2,4,0,0,0,59,9.71,4.4,2.256666667,0.1,111.5,43.505,26.005,8.11,25.14,2.57,1.17,15.85,5.705,1.155,4.26,0.895,1.895,,30.92
1093rdT121,109,3rd,2020/5/25,2020/4/8,6,3,50,南西,T12,green tea,1,1,0,2,26,30,6,0,0,0,0,0,0,0,1,1,0,0,0,0,57,9.22,4.8,1.937619048,0,72.1,101.36,30.44,9.26,30.675,0.645,1.38,9.5,18.59,6.025,36.095,4.035,7.155,,82.78
1093rdT122,109,3rd,2020/5/25,2020/4/8,6,4,110,中中,T12,green tea,2,2,0,3,9,32,22,0,0,0,0,0,0,1,1,1,0,0,0,0,57,8.93,4.1,2.111,0,76,97.29,31.905,9.26,31.025,0.415,1.35,9.185,18.45,5.985,38.22,4.75,7.58,,85.525
1093rdT123,109,3rd,2020/5/25,2020/4/8,6,4,79,北東,T12,green tea,3,3,0,3,18,34,9,2,0,0,0,0,0,1,1,0,0,0,0,0,57,8.03,3.9,2.0635,0,64.3,94.45,31.57,9.975,28.18,0.58,1.295,8.91,17.63,5.795,34.835,4.315,7.23,,80.005
1093rdT81,109,3rd,2020/6/30,2020/5/7,10,2,32,西,T8,black tea,1,1,0,0,0,0,1,8,4,0,0,0,0,0,6,6,8,1,0,0,65,8.87,4,2.0575,0.2,163.9,62.31,24.835,11.985,27.39,3.46,0.85,22.165,10,3.165,6.685,2.335,2.865,,48.075
1093rdT82,109,3rd,2020/6/30,2020/5/7,10,2,50,中,T8,black tea,2,2,0,0,0,0,3,3,7,1,0,0,0,0,2,5,10,5,0,0,65,9.58,3.9,2.294833333,0.3,153.7,60.595,23.545,9.315,26.515,3.465,0.785,23.145,9.08,2.86,7.13,2.075,2.93,,48.015
1093rdT83,109,3rd,2020/6/30,2020/5/7,10,2,91,東,T8,black tea,3,3,0,0,0,0,0,1,9,2,0,0,0,0,2,3,8,3,0,0,65,9.13,4,2.253166667,0.5,149.6,61.41,22.295,8.81,27.515,3.665,0.79,21.75,9.15,2.955,7.18,2.18,2.955,,46.965
1093rdT181,109,3rd,2020/6/23,2020/5/4,12,2,40,北東,T18,black tea,1,1,0,0,1,11,32,10,0,0,0,0,0,0,0,2,0,0,0,0,60,9.16,4.3,2.0855,0,117.1,59.515,30.62,11.415,42.135,3.49,1.745,28.88,7.1,2.23,6,2.08,2.84,,50.87
1093rdT182,109,3rd,2020/6/23,2020/5/4,12,2,60,中中,T18,black tea,2,2,0,0,1,25,33,7,1,0,0,0,0,1,7,8,1,0,0,0,60,7.55,3.8,1.914166667,0.1,101.4,55.63,32.91,12.625,39.425,3.24,1.495,27.36,6.645,2.055,5.625,1.785,3.385,,48.345
1093rdT183,109,3rd,2020/6/23,2020/5/4,12,1,50,南西,T18,black tea,3,3,0,0,3,8,33,10,1,0,0,0,0,0,2,2,0,0,0,0,60,8.96,4,2.049333333,0.3,119.2,59.6,34.245,13.815,29.225,2.64,1.075,20.55,4.82,1.635,4.71,1.28,2.355,,36.415
1094thDP1,109,4th,2020/7/30,2020/6/16,2,4,90,東南,DP,fresh leaves,1,1,0,3,23,44,16,1,0,0,0,0,0,3,4,0,0,0,0,0,56,5.71,3.2,1.728333333,0,54.7,85.7107434,17.70539199,8.820766,24.90494147,0.713926203,1.618870548,9.512104817,18.99723656,9.361624041,35.20558178,3.177090498,7.068653549,,84.9411618
1094thDP2,109,4th,2020/7/30,2020/6/16,2,5,74,中中,DP,fresh leaves,2,2,0,0,16,39,10,2,0,0,0,0,0,2,0,0,0,0,0,0,56,7.9,3.7,2.0825,0,62.5,80.69321678,22.84668597,11.38294905,25.50588002,0.818796677,1.545105339,9.370304941,18.11947096,8.689052549,31.24222429,2.930443784,6.388887152,,78.28548902
1094thDP3,109,4th,2020/7/30,2020/6/16,2,6,65,西北,DP,fresh leaves,3,3,0,1,21,31,4,0,0,0,0,0,0,1,0,0,0,0,0,0,56,6.52,3.6,1.782666667,0.1,51.4,81.2733074,17.70560712,8.914006254,24.1541151,0.687637543,1.536104162,9.502370456,19.95721158,9.154453912,32.62933117,2.611014081,6.266970236,,81.6574556
1094thT121,109,4th,2020/7/23,2020/5/28,7,1,180,南西,T12,fresh leaves,1,1,0,0,0,3,19,21,8,1,0,0,0,1,6,6,2,0,0,0,58,9.32,4.3,2.054404762,0.2,100.8,64.26720124,21.95254327,11.07269331,20.79704752,0.615099864,1.027835177,7.85235852,16.01902272,7.139764547,22.5849825,2.272486957,4.830096396,,61.72654681
1094thT122,109,4th,2020/7/23,2020/5/28,7,2,150,中中,T12,fresh leaves,2,2,0,0,0,1,11,35,14,1,0,0,0,0,6,7,4,0,0,0,58,10.46,4.7,2.18902381,0.1,98.3,64.81022051,23.6436966,13.49457951,20.57862602,0.587056387,0.716073685,6.686507249,15.27583265,7.014333056,23.49578458,2.104757412,4.915298394,,60.20858703
1094thT123,109,4th,2020/7/23,2020/5/28,7,2,120,北東,T12,fresh leaves,3,3,0,0,0,11,22,17,7,0,0,0,0,1,8,7,2,0,0,0,58,8.06,3.8,2.063833333,0.1,92.5,61.52755259,21.57714965,11.30272107,20.09880958,0.536057941,0.749797776,6.816346542,14.40462682,6.818381864,23.53527162,2.21373531,4.941289825,,59.47944976
1094thT181,109,4th,2020/8/11,2020/6/23,12,2,40,北東,T18,fresh leaves,1,1,0,0,0,4,11,18,2,0,0,0,0,0,6,15,10,0,0,0,63,5.62,3.6,1.490166667,0.1,104.2,133.1797146,19.94753313,9.154848696,37.92537897,0.817618396,2.182488501,13.59714644,21.02025373,10.66355587,61.3549299,5.651218322,13.78192395,,128.2515167
1094thT182,109,4th,2020/8/11,2020/6/23,12,2,70,中中,T18,fresh leaves,2,2,0,0,1,1,16,12,1,0,0,0,0,0,6,24,9,0,0,0,63,8.12,4.5,1.7925,0.3,114,129.3617883,20.61104468,11.88095081,35.24380194,0.774991272,2.259252159,13.29172613,20.44790194,10.61836569,56.76262041,5.186671133,12.32665324,,120.8931907
1094thT183,109,4th,2020/8/11,2020/6/23,12,1,70,南西,T18,fresh leaves,3,3,0,0,5,24,17,2,0,0,0,0,0,0,5,1,0,0,0,0,63,8.02,4.3,1.812,0.3,99.3,134.5916414,18.3496054,9.462222291,35.42522435,0.792627018,2.198149757,12.55356359,21.27124733,10.46200649,64.1916658,5.318950943,13.73049733,,129.7260812
1094thDP1,109,4th,2020/7/30,2020/6/16,2,4,90,東南,DP,black tea,1,1,0,3,23,44,16,1,0,0,0,0,0,3,4,0,0,0,0,0,56,5.71,3.2,1.728333333,0,54.7,35.90834606,21.14106461,6.420293918,25.95018381,2.483363905,0.703019852,9.677843197,5.364928453,1.48693484,4.368534465,0.991592834,1.941543535,,24.53439718
1094thDP2,109,4th,2020/7/30,2020/6/16,2,5,74,中中,DP,black tea,2,2,0,0,16,39,10,2,0,0,0,0,0,2,0,0,0,0,0,0,56,7.9,3.7,2.0825,0,62.5,32.91103848,23.03473281,7.58922017,24.44637696,2.123622036,0.606806426,8.338978985,4.68189985,1.392882549,4.162605923,1.034642273,1.766693621,,21.98450963
1094thDP3,109,4th,2020/7/30,2020/6/16,2,6,65,西北,DP,black tea,3,3,0,1,21,31,4,0,0,0,0,0,0,1,0,0,0,0,0,0,56,6.52,3.6,1.782666667,0.1,51.4,31.73189522,22.77600916,8.068656189,24.27696725,2.042239786,0.594846125,7.716107101,4.463073859,1.136750165,3.892988069,0.91053404,1.724216967,,20.43851633
1094thT121,109,4th,2020/7/23,2020/5/28,7,1,180,南西,T12,black tea,1,1,0,0,0,3,19,21,8,1,0,0,0,1,6,6,2,0,0,0,58,9.32,4.3,2.054404762,0.2,100.8,25.87385808,19.9382763,8.875549938,21.05295431,1.815944673,0.838157903,10.67689726,3.417389415,1.1183811,3.469511581,1.032601836,1.705460413,,22.25839951
1094thT122,109,4th,2020/7/23,2020/5/28,7,2,150,中中,T12,black tea,2,2,0,0,0,1,11,35,14,1,0,0,0,0,6,7,4,0,0,0,58,10.46,4.7,2.18902381,0.1,98.3,22.39619804,24.67498408,8.642533158,19.81540023,1.526528422,0.676884052,9.45305603,2.617682467,1.233659364,3.311217182,1.684852797,1.57089321,,20.5482451
1094thT123,109,4th,2020/7/23,2020/5/28,7,2,120,北東,T12,black tea,3,3,0,0,0,11,22,17,7,0,0,0,0,1,8,7,2,0,0,0,58,8.06,3.8,2.063833333,0.1,92.5,23.40729784,26.57924852,8.176031682,20.25048671,1.552935136,0.723699572,9.611237286,2.800051776,1.556875921,3.217678287,1.188725448,1.61683476,,20.71510305
1094thT181,109,4th,2020/8/11,2020/6/23,12,2,40,北東,T18,black tea,1,1,0,0,0,4,11,18,2,0,0,0,0,0,6,15,10,0,0,0,63,5.62,3.6,1.490166667,0.1,104.2,62.13167404,26.30023815,8.753197726,36.54628071,3.590335624,1.099878265,22.92630773,7.864913465,2.429601644,6.441374902,2.077629704,3.885269417,,46.72497513
1094thT182,109,4th,2020/8/11,2020/6/23,12,2,70,中中,T18,black tea,2,2,0,0,1,1,16,12,1,0,0,0,0,0,6,24,9,0,0,0,63,8.12,4.5,1.7925,0.3,114,62.16973612,24.11546094,8.467803234,34.29803834,3.404454919,1.114358856,18.35794853,8.164865397,2.513739691,6.553262542,2.069709824,3.57998978,,42.35387462
1094thT183,109,4th,2020/8/11,2020/6/23,12,1,70,南西,T18,black tea,3,3,0,0,5,24,17,2,0,0,0,0,0,0,5,1,0,0,0,0,63,8.02,4.3,1.812,0.3,99.3,69.92677203,23.68770794,8.259575249,36.8611929,3.776810682,1.212352974,20.56501058,9.323007096,2.891289332,7.290601534,2.45528044,4.052829491,,47.79037144
1095thFS1,109,5th,2020/9/10,2020/7/22,5,1,50,北東,FS,fresh leaves,1,1,0,0,0,0,0,5,2,0,0,0,0,1,11,22,10,2,0,0,58,8.79,5,1.707761905,0.5,106.6,46.00283678,14.35426688,8.203585657,11.99243028,0.506474104,0.827290837,7.533565737,11.71962151,2.849601594,23.5687251,4.965139442,6.250498008,0.653884462,58.36832669
1095thFS2,109,5th,2020/9/10,2020/7/22,5,2,110,中中,FS,fresh leaves,2,2,0,0,0,0,1,8,1,0,0,0,0,1,24,25,9,0,0,0,58,7.33,4.3,1.628333333,0.3,121.9,50.64264449,12.37160546,6.650740375,12.73770977,0.616485686,1.022507404,4.661796644,9.534550839,4.014116486,21.79911155,5.588548865,7.155478776,0.78124383,54.55735439
1095thFS3,109,5th,2020/9/10,2020/7/22,5,2,140,南西,FS,fresh leaves,3,3,0,0,0,0,4,5,4,0,0,0,0,0,14,18,9,1,0,0,58,7.01,4.6,1.471690476,0.6,116,60.53361633,12.18439482,7.043650794,15.55625,0.575892857,1.603670635,5.830357143,14.43948413,5.133829365,30.12400794,6.787797619,8.937996032,0.913095238,73.7702381
1095thDP1,109,5th,2020/9/14,2020/7/29,10,1,170,中,DP,fresh leaves,1,1,0,0,0,4,11,9,2,0,0,0,0,18,30,9,1,1,0,0,59,8.81,4.1,2.138333333,0.3,98.2,60.28095258,11.85354415,6.235643564,18.40792079,0.538043478,1.633564356,8.313069307,19.72376238,5.317524752,26.81881188,7.788118812,5.433861386,0.789009901,75.81772277
1095thDP2,109,5th,2020/9/14,2020/7/29,10,1,200,東,DP,fresh leaves,2,2,0,0,0,3,12,6,4,0,0,0,2,22,25,6,1,0,0,0,59,9.09,4.2,2.012619048,0.4,100.6,63.65461342,10.53936359,5.223189553,19.24901068,0.575286901,1.470617333,8.570637119,19.49198655,6.348535813,26.46072418,5.652156708,5.838444796,0.534527107,74.3676296
1095thDP3,109,5th,2020/9/14,2020/7/29,10,1,220,西,DP,fresh leaves,3,3,0,0,0,13,7,11,2,0,0,0,0,6,17,2,0,0,0,0,59,8.91,4.3,2.013166667,0.4,92.5,61.01675956,9.943249547,5.358587862,19.04611265,0.582110274,1.401824673,6.92304641,22.34083697,5.454779849,29.59589449,5.770725902,5.602935343,0.540261801,77.63030543
1095thT81,109,5th,2020/10/12,2020/8/16,10,2,200,北西,T8,fresh leaves,1,1,0,0,0,4,12,6,0,0,0,0,0,3,15,10,4,0,0,0,65,3.66,3.2,1.064,0.3,84,89.71520613,11.70970159,6.157621708,28.20979649,0.28292099,1.573822825,9.253591381,20.80556664,3.906424581,48.43425778,10.86372706,9.934158021,0.964884278,105.7364326
1095thT82,109,5th,2020/10/12,2020/8/16,10,2,220,中中,T8,fresh leaves,2,2,0,0,0,2,3,5,0,0,0,0,0,1,15,10,4,0,0,0,65,4.48,3.7,1.1925,0.4,90,94.88521535,14.94351125,9.145734597,30.18957346,0.284705766,1.696583728,9.833530806,21.1028831,4.220576619,49.8425158,11.60781991,10.92910742,1.046307267,110.2793246
1095thT83,109,5th,2020/10/12,2020/8/16,10,3,240,南東,T8,fresh leaves,3,3,0,2,0,6,5,4,0,0,0,0,0,2,13,8,4,0,0,0,65,4.6,4,1.120166667,0.2,107.5,85.41019916,10.53814231,6.62418623,26.43618071,0.233478004,1.523180114,9.021799171,19.85894654,4.001775498,44.81850464,10.12615901,9.353028211,0.90905504,99.61244821
1095thT181,109,5th,2020/10/26,2020/9/3,2,2,40,中東,T18,fresh leaves,1,1,0,0,0,9,8,4,1,0,0,0,1,3,18,29,8,0,0,0,64,4.46,3.8,1.126333333,0.2,83.8,80.6358751,8.559637693,4.309580364,28.13846002,2.41290578,1.681611243,8.466646873,10.35926366,5.288697546,25.14251781,10.07086302,11.49792162,1.485847189,73.99336896
1095thT182,109,5th,2020/10/26,2020/9/3,2,2,60,北中,T18,fresh leaves,2,2,0,0,0,5,15,5,2,0,0,0,0,5,25,23,2,1,0,0,64,3.54,3.4,1.008333333,0.5,73.7,88.57115063,9.741138396,4.822638501,30.15434436,2.964826624,2.0200279,9.553407732,8.995117577,5.99611399,23.15464328,10.71412914,12.13680749,1.505181347,74.07542846
1095thT183,109,5th,2020/10/26,2020/9/3,2,2,91,南西,T18,fresh leaves,3,3,0,0,4,13,25,7,0,0,0,0,0,3,9,3,2,0,0,0,64,4.45,3.8,1.169333333,0.2,73.5,89.00498606,7.321150448,3.767570778,29.93862601,2.253514156,1.729459513,9.297663829,13.00633538,5.377054049,30.94337755,10.25222728,12.34607009,1.421599683,84.37378737
1095thFS1,109,5th,2020/9/10,2020/7/22,5,1,50,北東,FS,black tea,1,1,0,0,0,0,0,5,2,0,0,0,0,1,11,22,10,2,0,0,58,8.79,5,1.707761905,0.5,106.6,16.23896803,13.66995995,4.772798742,12.96629324,1.531544811,0.118514151,0.214720912,0.689858491,0.259925314,0.152319182,0.008193131,0.529382862,0.090015723,2.062929766
1095thFS2,109,5th,2020/9/10,2020/7/22,5,2,110,中中,FS,black tea,2,2,0,0,0,0,1,8,1,0,0,0,0,1,24,25,9,0,0,0,58,7.33,4.3,1.628333333,0.3,121.9,21.60004452,15.01107987,5.410261529,14.75324416,2.227490517,0.149630665,0.294869235,0.789578758,0.338390896,0.198442803,0.00698359,0.660311439,0.111299661,2.549507047
1095thFS3,109,5th,2020/9/10,2020/7/22,5,2,140,南西,FS,black tea,3,3,0,0,0,0,4,5,4,0,0,0,0,0,14,18,9,1,0,0,58,7.01,4.6,1.471690476,0.6,116,21.08382673,14.5804905,5.575626109,15.44074147,2.287024256,0.152041018,0.243640308,0.818674818,0.343719188,0.226286728,0.007786551,0.71662394,0.113192664,2.621965214
1095thDP1,109,5th,2020/9/14,2020/7/29,10,1,170,中,DP,black tea,1,1,0,0,0,4,11,9,2,0,0,0,0,18,30,9,1,1,0,0,59,8.81,4.1,2.138333333,0.3,98.2,23.51698667,8.003462896,2.129273084,19.44302554,3.26129666,0.222888016,0.495740668,0.912671906,0.414440079,0.467976424,0.016502947,0.457170923,0.08064833,3.068039293
1095thDP2,109,5th,2020/9/14,2020/7/29,10,1,200,東,DP,black tea,2,2,0,0,0,3,12,6,4,0,0,0,2,22,25,6,1,0,0,0,59,9.09,4.2,2.012619048,0.4,100.6,20.81528032,7.286528259,1.84,16.31546798,2.781773399,0.186502463,0.422807882,0.925714286,0.237832512,0.291034483,0.009449803,0.371330049,0.068669951,2.513341429
1095thDP3,109,5th,2020/9/14,2020/7/29,10,1,220,西,DP,black tea,3,3,0,0,0,13,7,11,2,0,0,0,0,6,17,2,0,0,0,0,59,8.91,4.3,2.013166667,0.4,92.5,22.70854368,10.43193177,2.699960365,18.14694808,3.001387237,0.218489893,0.555390408,0.941240587,0.113258026,0.316884661,0.011437772,0.381292113,0.072136346,2.610129806
1095thT81,109,5th,2020/10/12,2020/8/16,10,2,200,北西,T8,black tea,1,1,0,0,0,4,12,6,0,0,0,0,0,3,15,10,4,0,0,0,65,3.66,3.2,1.064,0.3,84,45.75621248,12.22379621,3.784039409,29.31133005,7.315270936,0.373004926,0.276847291,2.089655172,0.26679803,1.628669951,0.62679803,1.226305419,0.029359606,6.517438424
1095thT82,109,5th,2020/10/12,2020/8/16,10,2,220,中中,T8,black tea,2,2,0,0,0,2,3,5,0,0,0,0,0,1,15,10,4,0,0,0,65,4.48,3.7,1.1925,0.4,90,39.70837522,10.56235248,3.309141384,24.61689471,7.180745588,0.312009716,0.216042038,1.337200079,0.254610351,1.376164981,0.505552251,1.061471346,0.051854055,5.114904819
1095thT83,109,5th,2020/10/12,2020/8/16,10,3,240,南東,T8,black tea,3,3,0,2,0,6,5,4,0,0,0,0,0,2,13,8,4,0,0,0,65,4.6,4,1.120166667,0.2,107.5,44.16676846,11.77647919,3.569139466,27.89218595,8.940652819,0.338971316,0.257072206,1.432443126,0.26983185,1.540059347,0.584174085,1.15727003,0.109495549,5.689317507
1095thT181,109,5th,2020/10/26,2020/9/3,2,2,40,中東,T18,black tea,1,1,0,0,0,9,8,4,1,0,0,0,1,3,18,29,8,0,0,0,64,4.46,3.8,1.126333333,0.2,83.8,57.59232242,13.94934846,4.090240509,32.58129597,8.561419201,0.270125224,0.332637647,2.279467303,1.099781356,2.986185649,1.266547406,3.804313258,0.118962433,12.15802027
1095thT182,109,5th,2020/10/26,2020/9/3,2,2,60,北中,T18,black tea,2,2,0,0,0,5,15,5,2,0,0,0,0,5,25,23,2,1,0,0,64,3.54,3.4,1.008333333,0.5,73.7,57.34492843,13.0878181,4.105615764,32.11517241,8.387192118,0.263448276,0.308472906,2.198029557,1.369359606,3.181871921,1.252019704,3.705517241,0.107881773,12.38660099
1095thT183,109,5th,2020/10/26,2020/9/3,2,2,91,南西,T18,black tea,3,3,0,0,4,13,25,7,0,0,0,0,0,3,9,3,2,0,0,0,64,4.45,3.8,1.169333333,0.2,73.5,54.56909335,13.27139603,4.070071259,31.13450119,8.263064133,0.257323832,0.311064925,2.192893903,1.336896279,3.177256532,1.212787015,3.609263658,0.102632621,12.20011876
1096thT81,109,6th,2020/11/30,2020/10/11,11,2,110,中中,T8,fresh leaves,1,1,0,0,0,2,3,7,2,0,0,0,0,3,15,12,11,0,0,0,71,8.92,4.9,1.864857143,0.4,67.2,69.65671586,15.16384175,8.666271956,36.00700612,0.81961713,0.89836195,5.605289126,23.50700612,3.431813696,56.69577659,12.65433195,9.960824946,0.802447207,113.5558516
1096thT82,109,6th,2020/11/30,2020/10/11,11,2,60,中西,T8,fresh leaves,2,2,0,0,0,0,1,0,0,0,0,0,0,14,10,18,6,2,0,0,71,8.33,4.5,1.854,0.8,80.3,68.00059276,11.52233555,6.54743946,34.44720127,0.893112346,0.864231838,6.317586344,23.51091703,3.279475983,57.00178642,12.91206828,9.897876141,0.840909091,114.6248511
1096thT83,109,6th,2020/11/30,2020/10/11,11,2,30,東南,T8,fresh leaves,3,3,0,0,1,3,5,1,1,0,0,0,0,2,9,11,10,0,0,0,71,6.68,4.1,1.660166667,0.3,65.5,60.01747644,11.0939857,6.734669577,32.11053781,0.760369121,0.848084937,6.39184362,23.67344711,3.29996031,48.80879143,12.19210161,8.900773963,0.806906132,104.9219091
1096thT121,109,6th,2020/11/4,2020/9/22,9,1,150,西南,T12,fresh leaves,1,1,0,0,0,1,11,9,1,0,0,0,0,6,14,28,8,1,0,0,57,12.83,5.5,2.349880952,0.5,106.1,43.94323772,8.02732997,2.072039801,22.36766169,0.412736318,0.754825871,6.990149254,24.94109453,4.351641791,29.09741294,6.564676617,5.075721393,0.600597015,78.3761194
1096thT122,109,6th,2020/11/4,2020/9/22,9,1,120,中中,T12,fresh leaves,2,2,0,0,2,3,1,3,0,0,0,0,1,7,27,22,6,0,0,0,57,9.9,4.9,2.027166667,0.9,70.3,36.29367107,5.437856585,1.586848881,23.16102198,0.552089523,0.691126956,6.863042187,27.64993068,4.755298079,29.77460883,5.685383244,4.918696772,0.473361062,80.81144781
1096thT123,109,6th,2020/11/4,2020/9/22,9,1,80,東北,T12,fresh leaves,3,3,0,1,2,11,16,1,0,0,0,0,0,2,24,20,1,0,0,0,57,11.08,5.6,2.02352381,0.6,87,42.54416911,6.515099093,1.606192934,23.44283446,0.413358476,0.77302501,7.030865423,27.35718539,4.601230647,33.05418817,6.984815403,5.624354903,0.634676459,86.06034141
1096thT181,109,6th,2020/11/24,2020/10/5,12,2,90,東南,T18,fresh leaves,1,1,0,9,11,24,9,0,0,0,0,0,1,3,6,0,0,0,0,0,64,4.5,4.4,1.034,0.5,31.2,74.79003445,11.85842296,4.103756708,36.72281853,1.266746174,1.475849732,5.824190022,19.12313655,3.550089445,43.00437289,13.07155635,13.21049493,1.808984297,101.0686742
1096thT182,109,6th,2020/11/24,2020/10/5,12,2,69,中中,T18,fresh leaves,2,2,0,3,8,32,11,0,0,0,0,0,1,2,9,5,0,0,0,0,64,4.07,4.1,1.010333333,0.3,33.4,67.44057363,11.38837902,3.853288027,35.61762942,1.352588447,1.547071757,5.878572856,19.87687388,3.626723966,43.31900859,13.42374575,12.84869079,1.808514891,102.3292025
1096thT183,109,6th,2020/11/24,2020/10/5,12,1,109,西北,T18,fresh leaves,3,3,0,1,8,13,13,0,0,0,0,0,0,9,19,13,0,0,0,0,64,5.52,4.2,1.326,0.2,32,69.94603335,9.76743127,3.214613695,38.01507287,1.432222,1.27779996,6.502894789,18.25424236,3.672289878,32.84138551,12.38660411,11.49920144,1.714613695,88.14903174
1096thT81,109,6th,2020/11/30,2020/10/11,11,2,110,中中,T8,black tea,1,1,0,0,0,2,3,7,2,0,0,0,0,3,15,12,11,0,0,0,71,8.92,4.9,1.864857143,0.4,67.2,33.45329261,15.0059818,4.665868741,34.88330341,4.729503291,0.671254738,0.177338919,3.690305206,2.435767006,2.73219629,1.205366048,0.846000399,0.016856174,11.77508478
1096thT82,109,6th,2020/11/30,2020/10/11,11,2,60,中西,T8,black tea,2,2,0,0,0,0,1,0,0,0,0,0,0,14,10,18,6,2,0,0,71,8.33,4.5,1.854,0.8,80.3,34.94802839,12.52342655,3.815972914,33.78809002,5.151862179,0.705437164,0.183031269,4.157140012,2.462955587,2.914459271,1.38040231,0.952200757,0.018024298,12.77365067
1096thT83,109,6th,2020/11/30,2020/10/11,11,2,30,東南,T8,black tea,3,3,0,0,1,3,5,1,1,0,0,0,0,2,9,11,10,0,0,0,71,6.68,4.1,1.660166667,0.3,65.5,29.75827064,16.14187251,4.539594111,34.1419618,4.636888181,0.63241146,0.200656586,4.689514524,2.322025468,2.690310386,1.177974532,0.851969757,0.019797055,12.58465977
1096thT121,109,6th,2020/11/4,2020/9/22,9,1,150,西南,T12,green tea,1,1,0,0,0,1,11,9,1,0,0,0,0,6,14,28,8,1,0,0,57,12.83,5.5,2.349880952,0.5,106.1,44.22744299,10.81091091,1.80525687,24.88052569,0.556750299,0.93080446,8.436379928,24.8080446,4.894962166,32.3059538,8.883114297,5.689167662,0.84040223,86.78882915
1096thT122,109,6th,2020/11/4,2020/9/22,9,1,120,中中,T12,green tea,2,2,0,0,2,3,1,3,0,0,0,0,1,7,27,22,6,0,0,0,57,9.9,4.9,2.027166667,0.9,70.3,47.50262004,7.526217756,1.843294024,25.58714771,0.550169898,0.906156306,8.301419149,24.95972417,4.835098941,32.53537877,8.676693984,5.820307815,0.834999001,86.86977813
1096thT123,109,6th,2020/11/4,2020/9/22,9,1,80,東北,T12,green tea,3,3,0,1,2,11,16,1,0,0,0,0,0,2,24,20,1,0,0,0,57,11.08,5.6,2.02352381,0.6,87,43.99576999,10.38961188,1.695158398,24.73998805,0.535664475,0.890217175,8.51524208,26.56993425,4.843992827,32.19695158,8.60111576,5.561765292,0.761705519,87.94092449
1096thT181,109,6th,2020/11/24,2020/10/5,12,2,90,東南,T18,black tea,1,1,0,9,11,24,9,0,0,0,0,0,1,3,6,0,0,0,0,0,64,4.5,4.4,1.034,0.5,31.2,28.20616144,17.95375264,4.185398846,37.53978516,3.555997613,0.417644719,0.150984683,1.910185001,1.651879849,1.864929381,0.859458922,1.228764671,0.008752735,8.09259996
1096thT182,109,6th,2020/11/24,2020/10/5,12,2,69,中中,T18,black tea,2,2,0,3,8,32,11,0,0,0,0,0,1,2,9,5,0,0,0,0,64,4.07,4.1,1.010333333,0.3,33.4,28.56044365,16.62195285,4.324151697,38.19810379,3.826047904,0.419760479,0.156187625,1.554491018,1.615768463,2.091017964,0.954690619,1.495708583,0.016566866,8.304191617
1096thT183,109,6th,2020/11/24,2020/10/5,12,1,109,西北,T18,black tea,3,3,0,1,8,13,13,0,0,0,0,0,0,9,19,13,0,0,0,0,64,5.52,4.2,1.326,0.2,32,29.8852055,17.2411085,3.970681458,33.95552694,3.279021395,0.280903328,0.169076862,1.025752773,1.533973851,1.496335182,0.669076862,0.928261688,0.0134479,6.116828447
1097thFS1,109,7th,2020/12/16,2020/11/2,5,2,180,西,FS,fresh leaves,1,1,0,0,0,0,0,0,0,0,0,0,20,13,12,1,0,0,0,0,61,9.31,4.5,2.077,1,143.8,45.01723413,12.45397598,3.377302436,14.86670628,0.334521687,0.985244603,5.586452763,19.560408,4.543077837,42.19815805,8.876312141,7.811447811,0.816201228,90.37730244
1097thFS2,109,7th,2020/12/16,2020/11/2,5,2,160,東,FS,fresh leaves,2,2,0,0,0,0,0,0,0,0,0,0,6,22,15,4,0,0,0,0,61,15.88,4.3,3.806,1,153.8,38.51409154,12.08139888,3.369803063,14.69067038,0.34981102,1.02297593,5.938587627,19.74935349,4.599065049,42.52983887,8.734434056,8.196439228,0.854286851,91.6249811
1097thFS3,109,7th,2020/12/16,2020/11/2,5,1,110,中,FS,fresh leaves,3,3,0,0,0,0,0,0,0,0,0,0,0,14,22,12,1,1,0,0,61,8.85,4.4,2.032333333,1,162.2,37.69600453,8.227856023,2.420822571,15.36061991,0.422114047,0.931055037,6.023941983,18.54023445,4.344724816,40.93194914,8.85674548,7.719054242,0.844526128,88.19223127
1097thFS1,109,7th,2020/12/16,2020/11/2,5,2,180,西,FS,black tea,1,1,0,0,0,0,0,0,0,0,0,0,20,13,12,1,0,0,0,0,61,9.31,4.5,2.077,1,143.8,15.86188804,10.06879112,2.313608289,14.58617254,1.871986451,0.318633194,0.372185694,0.958358239,0.631998406,1.134887428,0,0.768778641,0.144849572,4.329691174
1097thFS2,109,7th,2020/12/16,2020/11/2,5,2,160,東,FS,black tea,2,2,0,0,0,0,0,0,0,0,0,0,6,22,15,4,0,0,0,0,61,15.88,4.3,3.806,1,153.8,14.04952644,13.3786078,3.54192392,12.83399721,2.641605258,0.16610237,0.416450906,0.958773153,0.618900617,0.974805816,0,0.835690102,0.157140012,4.127862976
1097thFS3,109,7th,2020/12/16,2020/11/2,5,1,110,中,FS,black tea,3,3,0,0,0,0,0,0,0,0,0,0,0,14,22,12,1,1,0,0,61,8.85,4.4,2.032333333,1,162.2,13.49588362,10.56979708,2.332075472,14.32681231,2.688381331,0.152929494,0.504724926,0.875273088,0.679940417,1.199702085,0,0.87408143,0.157199603,4.443851043
