year,season,date,location,cultivar,sample_label,replication,cutting_height,tea_buds_cm,leaf_number,avg_inter_node,open_plane,buds_weight_100
108,2nd,43593,11月2日,T8,3,1,65,6.8,3,2.266666667,0,161
108,2nd,43593,11月2日,T8,3,2,65,4.5,3,1.5,0,161
108,2nd,43593,11月2日,T8,3,3,65,7.3,4,1.825,1,161
108,2nd,43593,11月2日,T8,3,4,65,6,4,1.5,1,161
108,2nd,43593,11月2日,T8,3,5,65,8.3,5,1.66,1,161
108,2nd,43593,11月2日,T8,3,6,65,5.8,3,1.933333333,1,161
108,2nd,43593,11月2日,T8,3,7,65,4.9,4,1.225,1,161
108,2nd,43593,11月2日,T8,3,8,65,13.2,5,2.64,0,161
108,2nd,43593,11月2日,T8,3,9,65,2.9,3,0.966666667,1,161
108,2nd,43593,11月2日,T8,3,10,65,13.2,5,2.64,0,161
108,2nd,43593,11月2日,T8,1,11,65,14.9,5,2.98,1,174
108,2nd,43593,11月2日,T8,1,12,65,11.8,5,2.36,1,174
108,2nd,43593,11月2日,T8,1,13,65,4.7,2,2.35,0,174
108,2nd,43593,11月2日,T8,1,14,65,7,3,2.333333333,1,174
108,2nd,43593,11月2日,T8,1,15,65,17.3,5,3.46,0,174
108,2nd,43593,11月2日,T8,1,16,65,7.7,3,2.566666667,0,174
108,2nd,43593,11月2日,T8,1,17,65,12.5,4,3.125,0,174
108,2nd,43593,11月2日,T8,1,18,65,2.2,2,1.1,1,174
108,2nd,43593,11月2日,T8,1,19,65,3.5,3,1.166666667,1,174
108,2nd,43593,11月2日,T8,1,20,65,3.3,3,1.1,1,174
108,2nd,43593,11月2日,T8,2,21,65,13.2,5,2.64,1,170
108,2nd,43593,11月2日,T8,2,22,65,14,5,2.8,0,170
108,2nd,43593,11月2日,T8,2,23,65,4.1,3,1.366666667,1,170
108,2nd,43593,11月2日,T8,2,24,65,7.7,5,1.54,1,170
108,2nd,43593,11月2日,T8,2,25,65,7.4,4,1.85,1,170
108,2nd,43593,11月2日,T8,2,26,65,8.3,5,1.66,1,170
108,2nd,43593,11月2日,T8,2,27,65,10.3,4,2.575,0,170
108,2nd,43593,11月2日,T8,2,28,65,7.2,4,1.8,1,170
108,2nd,43593,11月2日,T8,2,29,65,3.2,3,1.066666667,1,170
108,2nd,43593,11月2日,T8,2,30,65,1.7,2,0.85,1,170
108,2nd,43581,6區,T12,2,4,57,3.8,3,1.266666667,1,170
108,2nd,43581,6區,T12,2,2,57,6.6,3,2.2,1,170
108,2nd,43581,6區,T12,2,3,57,6.8,4,1.7,1,170
108,2nd,43581,6區,T12,2,5,57,7.4,4,1.85,1,170
108,2nd,43581,6區,T12,2,9,57,7.5,4,1.875,1,170
108,2nd,43581,6區,T12,2,1,57,8.5,3,2.833333333,0,108
108,2nd,43581,6區,T12,2,7,57,8.7,3,2.9,0,108
108,2nd,43581,6區,T12,2,8,57,9,3,3,0,108
108,2nd,43581,6區,T12,2,10,57,12.8,4,3.2,0,108
108,2nd,43581,6區,T12,2,6,57,12.9,5,2.58,0,108
108,2nd,43581,6區,T12,1,15,57,4.7,3,1.566666667,0,108
108,2nd,43581,6區,T12,1,11,57,7.8,3,2.6,0,110
108,2nd,43581,6區,T12,1,13,57,8,5,1.6,1,110
108,2nd,43581,6區,T12,1,18,57,8.6,4,2.15,0,110
108,2nd,43581,6區,T12,1,19,57,10.2,4,2.55,1,110
108,2nd,43581,6區,T12,1,14,57,10.3,3,3.433333333,0,110
108,2nd,43581,6區,T12,1,12,57,11,4,2.75,0,110
108,2nd,43581,6區,T12,1,17,57,11.1,5,2.22,1,110
108,2nd,43581,6區,T12,1,16,57,12.2,4,3.05,0,110
108,2nd,43581,6區,T12,1,20,57,12.2,4,3.05,0,110
108,2nd,43581,6區,T12,3,27,57,3.3,3,1.1,1,110
108,2nd,43581,6區,T12,3,30,57,5,4,1.25,1,110
108,2nd,43581,6區,T12,3,21,57,6.5,4,1.625,0,135
108,2nd,43581,6區,T12,3,28,57,7.7,5,1.54,1,135
108,2nd,43581,6區,T12,3,24,57,9.6,3,3.2,1,135
108,2nd,43581,6區,T12,3,25,57,10.5,4,2.625,0,135
108,2nd,43581,6區,T12,3,26,57,15.3,5,3.06,0,135
108,2nd,43581,6區,T12,3,22,57,17,5,3.4,0,135
108,2nd,43581,6區,T12,3,29,57,18.8,5,3.76,0,135
108,2nd,43581,6區,T12,3,23,57,28.6,7,4.085714286,0,135
108,2nd,43584,3區,T17,2,1,58,5.6,5,1.12,0,99
108,2nd,43584,3區,T17,2,2,58,5.5,3,1.833333333,0,99
108,2nd,43584,3區,T17,2,3,58,5.5,4,1.375,0,99
108,2nd,43584,3區,T17,2,4,58,7.7,4,1.925,0,99
108,2nd,43584,3區,T17,2,5,58,5.1,4,1.275,1,99
108,2nd,43584,3區,T17,2,6,58,2.8,4,0.7,1,99
108,2nd,43584,3區,T17,2,7,58,5.9,5,1.18,1,99
108,2nd,43584,3區,T17,2,8,58,9.7,6,1.616666667,0,99
108,2nd,43584,3區,T17,2,9,58,1.5,3,0.5,1,99
108,2nd,43584,3區,T17,2,10,58,9.5,6,1.583333333,1,99
108,2nd,43584,3區,T17,3,11,58,5.5,5,1.1,1,114
108,2nd,43584,3區,T17,3,12,58,14.4,6,2.4,1,114
108,2nd,43584,3區,T17,3,13,58,12.8,5,2.56,0,114
108,2nd,43584,3區,T17,3,14,58,5.5,4,1.375,0,114
108,2nd,43584,3區,T17,3,15,58,9.2,5,1.84,0,114
108,2nd,43584,3區,T17,3,16,58,7.3,6,1.216666667,1,114
108,2nd,43584,3區,T17,3,17,58,7.6,5,1.52,1,114
108,2nd,43584,3區,T17,3,18,58,7.3,5,1.46,1,114
108,2nd,43584,3區,T17,3,19,58,5.5,4,1.375,1,114
108,2nd,43584,3區,T17,3,20,58,1.6,2,0.8,1,114
108,2nd,43584,3區,T17,1,21,58,7.9,5,1.58,1,128
108,2nd,43584,3區,T17,1,22,58,5.9,6,0.983333333,1,128
108,2nd,43584,3區,T17,1,23,58,6,4,1.5,1,128
108,2nd,43584,3區,T17,1,24,58,12.6,7,1.8,0,128
108,2nd,43584,3區,T17,1,25,58,10,6,1.666666667,1,128
108,2nd,43584,3區,T17,1,26,58,3.3,4,0.825,1,128
108,2nd,43584,3區,T17,1,27,58,1.2,2,0.6,1,128
108,2nd,43584,3區,T17,1,28,58,8.1,6,1.35,0,128
108,2nd,43584,3區,T17,1,29,58,1.3,2,0.65,1,128
108,2nd,43584,3區,T17,1,30,58,3.8,3,1.266666667,0,128
108,2nd,43601,12月1日,T18,3,1,58,6.9,3,2.3,0,214.5
108,2nd,43601,12月1日,T18,3,2,58,22.3,7,3.185714286,0,214.5
108,2nd,43601,12月1日,T18,3,3,58,15,5,3,0,214.5
108,2nd,43601,12月1日,T18,3,4,58,3.4,4,0.85,1,214.5
108,2nd,43601,12月1日,T18,3,5,58,18,6,3,0,214.5
108,2nd,43601,12月1日,T18,3,6,58,13.2,5,2.64,1,214.5
108,2nd,43601,12月1日,T18,3,7,58,11.6,4,2.9,0,214.5
108,2nd,43601,12月1日,T18,3,8,58,11.5,4,2.875,0,214.5
108,2nd,43601,12月1日,T18,3,9,58,26.3,7,3.757142857,0,214.5
108,2nd,43601,12月1日,T18,3,10,58,8.2,4,2.05,1,214.5
108,2nd,43601,12月1日,T18,2,11,58,7.6,4,1.9,0,161
108,2nd,43601,12月1日,T18,2,12,58,19.4,6,3.233333333,0,161
108,2nd,43601,12月1日,T18,2,13,58,17.5,5,3.5,0,161
108,2nd,43601,12月1日,T18,2,14,58,7.5,4,1.875,1,161
108,2nd,43601,12月1日,T18,2,15,58,3,2,1.5,1,161
108,2nd,43601,12月1日,T18,2,16,58,12.6,5,2.52,0,161
108,2nd,43601,12月1日,T18,2,17,58,4.2,3,1.4,1,161
108,2nd,43601,12月1日,T18,2,18,58,3.7,4,0.925,1,161
108,2nd,43601,12月1日,T18,2,19,58,10.5,4,2.625,0,161
108,2nd,43601,12月1日,T18,2,20,58,3.2,3,1.066666667,1,161
108,2nd,43601,12月1日,T18,1,21,58,6,4,1.5,1,165
108,2nd,43601,12月1日,T18,1,22,58,10.8,5,2.16,1,165
108,2nd,43601,12月1日,T18,1,23,58,9.2,4,2.3,0,165
108,2nd,43601,12月1日,T18,1,24,58,17,5,3.4,0,165
108,2nd,43601,12月1日,T18,1,25,58,16.9,6,2.816666667,0,165
108,2nd,43601,12月1日,T18,1,26,58,5.9,4,1.475,1,165
108,2nd,43601,12月1日,T18,1,27,58,3.8,4,0.95,1,165
108,2nd,43601,12月1日,T18,1,28,58,12.8,5,2.56,0,165
108,2nd,43601,12月1日,T18,1,29,58,6.3,4,1.575,1,165
108,2nd,43601,12月1日,T18,1,30,58,13.2,5,2.64,0,165
108,2nd,43595,11月1日,T20,1,1,57,2.8,3,0.933333333,1,123.5
108,2nd,43595,11月1日,T20,1,2,57,16,5,3.2,0,123.5
108,2nd,43595,11月1日,T20,1,3,57,7.5,3,2.5,1,123.5
108,2nd,43595,11月1日,T20,1,4,57,10.3,4,2.575,1,123.5
108,2nd,43595,11月1日,T20,1,5,57,3.2,3,1.066666667,1,123.5
108,2nd,43595,11月1日,T20,1,6,57,12.6,5,2.52,1,123.5
108,2nd,43595,11月1日,T20,1,7,57,19.5,7,2.785714286,1,123.5
108,2nd,43595,11月1日,T20,1,8,57,7.6,4,1.9,1,123.5
108,2nd,43595,11月1日,T20,1,9,57,6.4,4,1.6,1,123.5
108,2nd,43595,11月1日,T20,1,10,57,10.9,5,2.18,1,123.5
108,2nd,43595,11月1日,T20,2,11,57,6.7,3,2.233333333,1,124.5
108,2nd,43595,11月1日,T20,2,12,57,12.5,5,2.5,0,124.5
108,2nd,43595,11月1日,T20,2,13,57,5.3,4,1.325,1,124.5
108,2nd,43595,11月1日,T20,2,14,57,6.1,4,1.525,0,124.5
108,2nd,43595,11月1日,T20,2,15,57,6.8,4,1.7,1,124.5
108,2nd,43595,11月1日,T20,2,16,57,9.4,4,2.35,1,124.5
108,2nd,43595,11月1日,T20,2,17,57,4.1,3,1.366666667,1,124.5
108,2nd,43595,11月1日,T20,2,18,57,2.3,3,0.766666667,1,124.5
108,2nd,43595,11月1日,T20,2,19,57,14.9,6,2.483333333,1,124.5
108,2nd,43595,11月1日,T20,2,20,57,6,3,2,1,124.5
108,2nd,43595,11月1日,T20,3,21,57,4.6,3,1.533333333,1,138.5
108,2nd,43595,11月1日,T20,3,22,57,10,5,2,1,138.5
108,2nd,43595,11月1日,T20,3,23,57,10,4,2.5,1,138.5
108,2nd,43595,11月1日,T20,3,24,57,18.8,6,3.133333333,0,138.5
108,2nd,43595,11月1日,T20,3,25,57,7.7,3,2.566666667,1,138.5
108,2nd,43595,11月1日,T20,3,26,57,6.5,3,2.166666667,1,138.5
108,2nd,43595,11月1日,T20,3,27,57,1.5,2,0.75,1,138.5
108,2nd,43595,11月1日,T20,3,28,57,4.7,3,1.566666667,1,138.5
108,2nd,43595,11月1日,T20,3,29,57,12.1,6,2.016666667,1,138.5
108,2nd,43595,11月1日,T20,3,30,57,12.8,5,2.56,1,138.5
108,2nd,43598,"9-2, 9-3",DP,3,1,60,6.8,3,2.266666667,1,127
108,2nd,43598,"9-2, 9-3",DP,3,2,60,11.5,4,2.875,0,127
108,2nd,43598,"9-2, 9-3",DP,3,3,60,17.3,6,2.883333333,0,127
108,2nd,43598,"9-2, 9-3",DP,3,4,60,10.1,5,2.02,0,127
108,2nd,43598,"9-2, 9-3",DP,3,5,60,4,3,1.333333333,1,127
108,2nd,43598,"9-2, 9-3",DP,3,6,60,13.7,5,2.74,0,127
108,2nd,43598,"9-2, 9-3",DP,3,7,60,5,3,1.666666667,1,127
108,2nd,43598,"9-2, 9-3",DP,3,8,60,2.3,2,1.15,1,127
108,2nd,43598,"9-2, 9-3",DP,3,9,60,18,7,2.571428571,0,127
108,2nd,43598,"9-2, 9-3",DP,3,10,60,4.5,4,1.125,1,127
108,2nd,43598,"9-2, 9-3",DP,2,11,60,19.2,5,3.84,0,116
108,2nd,43598,"9-2, 9-3",DP,2,12,60,5.7,4,1.425,1,116
108,2nd,43598,"9-2, 9-3",DP,2,13,60,3.6,3,1.2,1,116
108,2nd,43598,"9-2, 9-3",DP,2,14,60,16.7,6,2.783333333,0,116
108,2nd,43598,"9-2, 9-3",DP,2,15,60,5.2,3,1.733333333,1,116
108,2nd,43598,"9-2, 9-3",DP,2,16,60,8.6,4,2.15,1,116
108,2nd,43598,"9-2, 9-3",DP,2,17,60,6.9,4,1.725,1,116
108,2nd,43598,"9-2, 9-3",DP,2,18,60,4,2,2,0,116
108,2nd,43598,"9-2, 9-3",DP,2,19,60,10,4,2.5,1,116
108,2nd,43598,"9-2, 9-3",DP,2,20,60,0.9,2,0.45,0,116
108,2nd,43598,"9-2, 9-3",DP,1,21,60,10.7,4,2.675,0,112
108,2nd,43598,"9-2, 9-3",DP,1,22,60,17.2,5,3.44,0,112
108,2nd,43598,"9-2, 9-3",DP,1,23,60,5.5,3,1.833333333,1,112
108,2nd,43598,"9-2, 9-3",DP,1,24,60,12.3,4,3.075,0,112
108,2nd,43598,"9-2, 9-3",DP,1,25,60,5.5,3,1.833333333,0,112
108,2nd,43598,"9-2, 9-3",DP,1,26,60,5,3,1.666666667,1,112
108,2nd,43598,"9-2, 9-3",DP,1,27,60,7.2,3,2.4,1,112
108,2nd,43598,"9-2, 9-3",DP,1,28,60,13.8,4,3.45,0,112
108,2nd,43598,"9-2, 9-3",DP,1,29,60,5.7,3,1.9,1,112
108,2nd,43598,"9-2, 9-3",DP,1,30,60,10.2,4,2.55,1,112
108,2nd,43583,5區,FS,2,1,53,19.8,7,2.828571429,0,204
108,2nd,43583,5區,FS,2,2,53,9.2,4,2.3,0,204
108,2nd,43583,5區,FS,2,3,53,8.6,4,2.15,1,204
108,2nd,43583,5區,FS,2,4,53,17.4,7,2.485714286,0,204
108,2nd,43583,5區,FS,2,5,53,26,9,2.888888889,0,204
108,2nd,43583,5區,FS,2,6,53,7.5,4,1.875,1,204
108,2nd,43583,5區,FS,2,7,53,18.7,6,3.116666667,0,204
108,2nd,43583,5區,FS,2,8,53,15.2,4,3.8,0,204
108,2nd,43583,5區,FS,2,9,53,20.1,6,3.35,0,204
108,2nd,43583,5區,FS,2,10,53,25.1,7,3.585714286,0,204
108,2nd,43583,5區,FS,3,11,53,26.2,8,3.275,0,213
108,2nd,43583,5區,FS,3,12,53,16.6,6,2.766666667,0,213
108,2nd,43583,5區,FS,3,13,53,16.4,5,3.28,0,213
108,2nd,43583,5區,FS,3,14,53,25.2,7,3.6,0,213
108,2nd,43583,5區,FS,3,15,53,18,5,3.6,0,213
108,2nd,43583,5區,FS,3,16,53,24.3,7,3.471428571,0,213
108,2nd,43583,5區,FS,3,17,53,9.2,4,2.3,1,213
108,2nd,43583,5區,FS,3,18,53,10.8,3,3.6,0,213
108,2nd,43583,5區,FS,3,19,53,19.3,6,3.216666667,0,213
108,2nd,43583,5區,FS,3,20,53,6.6,3,2.2,0,213
108,2nd,43583,5區,FS,1,21,53,16.3,5,3.26,0,211
108,2nd,43583,5區,FS,1,22,53,11,5,2.2,0,211
108,2nd,43583,5區,FS,1,23,53,14.4,5,2.88,0,211
108,2nd,43583,5區,FS,1,24,53,11.6,3,3.866666667,0,211
108,2nd,43583,5區,FS,1,25,53,23,7,3.285714286,0,211
108,2nd,43583,5區,FS,1,26,53,12.3,4,3.075,0,211
108,2nd,43583,5區,FS,1,27,53,20.2,6,3.366666667,0,211
108,2nd,43583,5區,FS,1,28,53,3.5,3,1.166666667,1,211
108,2nd,43583,5區,FS,1,29,53,8,4,2,1,211
108,2nd,43583,5區,FS,1,30,53,13.4,5,2.68,0,211
108,3rd,43652,10月2日,T8,1,9,67,1.2,1,1.2,0,149.9
108,3rd,43652,10月2日,T8,1,4,67,1.4,2,0.7,1,149.9
108,3rd,43652,10月2日,T8,1,8,67,2.1,2,1.05,1,149.9
108,3rd,43652,10月2日,T8,1,1,67,6.8,4,1.7,1,149.9
108,3rd,43652,10月2日,T8,1,7,67,7,3,2.333333333,1,149.9
108,3rd,43652,10月2日,T8,1,3,67,7.6,4,1.9,1,149.9
108,3rd,43652,10月2日,T8,1,5,67,8.9,4,2.225,1,149.9
108,3rd,43652,10月2日,T8,1,2,67,9.5,4,2.375,0,149.9
108,3rd,43652,10月2日,T8,1,10,67,9.6,4,2.4,1,149.9
108,3rd,43652,10月2日,T8,1,6,67,13,5,2.6,1,149.9
108,3rd,43652,10月2日,T8,2,11,67,4.1,2,2.05,1,127.8
108,3rd,43652,10月2日,T8,2,12,67,19.3,7,2.757142857,0,127.8
108,3rd,43652,10月2日,T8,2,13,67,3.1,2,1.55,1,127.8
108,3rd,43652,10月2日,T8,2,14,67,3.7,3,1.233333333,1,127.8
108,3rd,43652,10月2日,T8,2,15,67,11.1,4,2.775,0,127.8
108,3rd,43652,10月2日,T8,2,16,67,4.1,3,1.366666667,1,127.8
108,3rd,43652,10月2日,T8,2,17,67,3.1,2,1.55,1,127.8
108,3rd,43652,10月2日,T8,2,18,67,3.4,3,1.133333333,1,127.8
108,3rd,43652,10月2日,T8,2,19,67,1.6,2,0.8,1,127.8
108,3rd,43652,10月2日,T8,2,20,67,9.3,4,2.325,1,127.8
108,3rd,43652,10月2日,T8,3,21,67,4.4,3,1.466666667,1,162.1
108,3rd,43652,10月2日,T8,3,22,67,9.1,5,1.82,1,162.1
108,3rd,43652,10月2日,T8,3,23,67,10.5,4,2.625,1,162.1
108,3rd,43652,10月2日,T8,3,24,67,7,3,2.333333333,1,162.1
108,3rd,43652,10月2日,T8,3,25,67,12.1,5,2.42,1,162.1
108,3rd,43652,10月2日,T8,3,26,67,12.4,5,2.48,1,162.1
108,3rd,43652,10月2日,T8,3,27,67,5,2,2.5,1,162.1
108,3rd,43652,10月2日,T8,3,28,67,2.6,2,1.3,1,162.1
108,3rd,43652,10月2日,T8,3,29,67,11.2,5,2.24,1,162.1
108,3rd,43652,10月2日,T8,3,30,67,5,3,1.666666667,1,162.1
108,3rd,43635,6-3、6-4,T12,1,1,57,19.7,7,2.814285714,0,122
108,3rd,43635,6-3、6-4,T12,1,2,57,8.7,6,1.45,0,122
108,3rd,43635,6-3、6-4,T12,1,3,57,7.3,3,2.433333333,0,122
108,3rd,43635,6-3、6-4,T12,1,4,57,9.5,6,1.583333333,0,122
108,3rd,43635,6-3、6-4,T12,1,5,57,11.5,5,2.3,0,122
108,3rd,43635,6-3、6-4,T12,1,6,57,14,7,2,0,122
108,3rd,43635,6-3、6-4,T12,1,7,57,10,5,2,1,122
108,3rd,43635,6-3、6-4,T12,1,8,57,10.5,7,1.5,0,122
108,3rd,43635,6-3、6-4,T12,1,9,57,4.8,5,0.96,1,122
108,3rd,43635,6-3、6-4,T12,1,10,57,16.7,6,2.783333333,0,122
108,3rd,43635,6-3、6-4,T12,2,11,57,7.9,5,1.58,1,118
108,3rd,43635,6-3、6-4,T12,2,12,57,13.7,5,2.74,0,118
108,3rd,43635,6-3、6-4,T12,2,13,57,8.1,6,1.35,1,118
108,3rd,43635,6-3、6-4,T12,2,14,57,8,5,1.6,1,118
108,3rd,43635,6-3、6-4,T12,2,15,57,18.8,6,3.133333333,0,118
108,3rd,43635,6-3、6-4,T12,2,16,57,11.5,4,2.875,0,118
108,3rd,43635,6-3、6-4,T12,2,17,57,10.2,6,1.7,0,118
108,3rd,43635,6-3、6-4,T12,2,18,57,15.7,7,2.242857143,0,118
108,3rd,43635,6-3、6-4,T12,2,19,57,7,5,1.4,0,118
108,3rd,43635,6-3、6-4,T12,2,20,57,8,6,1.333333333,0,118
108,3rd,43635,6-3、6-4,T12,3,21,57,20.6,7,2.942857143,0,165.5
108,3rd,43635,6-3、6-4,T12,3,22,57,15,7,2.142857143,0,165.5
108,3rd,43635,6-3、6-4,T12,3,23,57,20.3,7,2.9,0,165.5
108,3rd,43635,6-3、6-4,T12,3,24,57,17.7,6,2.95,0,165.5
108,3rd,43635,6-3、6-4,T12,3,25,57,19.7,7,2.814285714,0,165.5
108,3rd,43635,6-3、6-4,T12,3,26,57,4.3,3,1.433333333,0,165.5
108,3rd,43635,6-3、6-4,T12,3,27,57,9.5,5,1.9,0,165.5
108,3rd,43635,6-3、6-4,T12,3,28,57,24,7,3.428571429,0,165.5
108,3rd,43635,6-3、6-4,T12,3,29,57,15.8,7,2.257142857,0,165.5
108,3rd,43635,6-3、6-4,T12,3,30,57,7.5,5,1.5,0,165.5
108,3rd,43640,3-2、3-3,T17,3,1,58,9.8,8,1.225,1,107.5
108,3rd,43640,3-2、3-3,T17,3,2,58,4.2,4,1.05,1,107.5
108,3rd,43640,3-2、3-3,T17,3,3,58,10.8,7,1.542857143,0,107.5
108,3rd,43640,3-2、3-3,T17,3,4,58,5.6,5,1.12,1,107.5
108,3rd,43640,3-2、3-3,T17,3,5,58,7.5,5,1.5,1,107.5
108,3rd,43640,3-2、3-3,T17,3,6,58,6.5,5,1.3,1,107.5
108,3rd,43640,3-2、3-3,T17,3,7,58,5.9,5,1.18,1,107.5
108,3rd,43640,3-2、3-3,T17,3,8,58,4.4,8,0.55,1,107.5
108,3rd,43640,3-2、3-3,T17,3,9,58,10.9,6,1.816666667,0,107.5
108,3rd,43640,3-2、3-3,T17,3,10,58,6.9,5,1.38,1,107.5
108,3rd,43640,3-2、3-3,T17,1,11,58,3.3,5,0.66,1,105
108,3rd,43640,3-2、3-3,T17,1,12,58,7.7,5,1.54,0,105
108,3rd,43640,3-2、3-3,T17,1,13,58,9.5,8,1.1875,0,105
108,3rd,43640,3-2、3-3,T17,1,14,58,1.1,2,0.55,1,105
108,3rd,43640,3-2、3-3,T17,1,15,58,8.7,7,1.242857143,0,105
108,3rd,43640,3-2、3-3,T17,1,16,58,6.7,5,1.34,0,105
108,3rd,43640,3-2、3-3,T17,1,17,58,4.6,4,1.15,1,105
108,3rd,43640,3-2、3-3,T17,1,18,58,12.1,7,1.728571429,0,105
108,3rd,43640,3-2、3-3,T17,1,19,58,4.6,4,1.15,1,105
108,3rd,43640,3-2、3-3,T17,1,20,58,2.2,3,0.733333333,1,105
108,3rd,43640,3-2、3-3,T17,2,21,58,7.4,6,1.233333333,1,84.3
108,3rd,43640,3-2、3-3,T17,2,22,58,6.6,7,0.942857143,0,84.3
108,3rd,43640,3-2、3-3,T17,2,23,58,10,7,1.428571429,1,84.3
108,3rd,43640,3-2、3-3,T17,2,24,58,5.7,7,0.814285714,1,84.3
108,3rd,43640,3-2、3-3,T17,2,25,58,8.8,7,1.257142857,0,84.3
108,3rd,43640,3-2、3-3,T17,2,26,58,3,4,0.75,1,84.3
108,3rd,43640,3-2、3-3,T17,2,27,58,4.1,5,0.82,1,84.3
108,3rd,43640,3-2、3-3,T17,2,28,58,5,5,1,1,84.3
108,3rd,43640,3-2、3-3,T17,2,29,58,1.1,3,0.366666667,1,84.3
108,3rd,43640,3-2、3-3,T17,2,30,58,4.7,5,0.94,1,84.3
108,3rd,43663,23區,T18,1,1,64,11.9,5,2.38,0,163.7
108,3rd,43663,23區,T18,1,2,64,6.4,4,1.6,1,163.7
108,3rd,43663,23區,T18,1,3,64,3.1,3,1.033333333,1,163.7
108,3rd,43663,23區,T18,1,4,64,19.5,6,3.25,0,163.7
108,3rd,43663,23區,T18,1,5,64,10,4,2.5,0,163.7
108,3rd,43663,23區,T18,1,6,64,1.3,2,0.65,1,163.7
108,3rd,43663,23區,T18,1,7,64,4.9,3,1.633333333,0,163.7
108,3rd,43663,23區,T18,1,8,64,13.4,5,2.68,0,163.7
108,3rd,43663,23區,T18,1,9,64,11.2,5,2.24,1,163.7
108,3rd,43663,23區,T18,1,10,64,12.4,5,2.48,1,163.7
108,3rd,43663,23區,T18,2,11,64,10,5,2,1,177.5
108,3rd,43663,23區,T18,2,12,64,5.9,3,1.966666667,1,177.5
108,3rd,43663,23區,T18,2,13,64,11,5,2.2,1,177.5
108,3rd,43663,23區,T18,2,14,64,6.3,4,1.575,1,177.5
108,3rd,43663,23區,T18,2,15,64,8.9,4,2.225,1,177.5
108,3rd,43663,23區,T18,2,16,64,12.2,5,2.44,1,177.5
108,3rd,43663,23區,T18,2,17,64,18.7,6,3.116666667,0,177.5
108,3rd,43663,23區,T18,2,18,64,12.2,5,2.44,1,177.5
108,3rd,43663,23區,T18,2,19,64,8.4,4,2.1,1,177.5
108,3rd,43663,23區,T18,2,20,64,9.7,5,1.94,0,177.5
108,3rd,43663,23區,T18,3,21,64,2.5,2,1.25,1,159.6
108,3rd,43663,23區,T18,3,22,64,10.2,5,2.04,1,159.6
108,3rd,43663,23區,T18,3,23,64,1,2,0.5,1,159.6
108,3rd,43663,23區,T18,3,24,64,1.4,2,0.7,1,159.6
108,3rd,43663,23區,T18,3,25,64,12.1,5,2.42,1,159.6
108,3rd,43663,23區,T18,3,26,64,15.2,5,3.04,0,159.6
108,3rd,43663,23區,T18,3,27,64,6.8,4,1.7,1,159.6
108,3rd,43663,23區,T18,3,28,64,9.1,4,2.275,1,159.6
108,3rd,43663,23區,T18,3,29,64,4.9,4,1.225,1,159.6
108,3rd,43663,23區,T18,3,30,64,12.2,5,2.44,0,159.6
108,3rd,43647,11月1日,T20,1,1,57,7.5,4,1.875,1,118.7
108,3rd,43647,11月1日,T20,1,2,57,3,3,1,1,118.7
108,3rd,43647,11月1日,T20,1,3,57,17.8,6,2.966666667,0,118.7
108,3rd,43647,11月1日,T20,1,4,57,6,4,1.5,1,118.7
108,3rd,43647,11月1日,T20,1,5,57,9.6,4,2.4,0,118.7
108,3rd,43647,11月1日,T20,1,6,57,2.2,2,1.1,1,118.7
108,3rd,43647,11月1日,T20,1,7,57,7.6,4,1.9,0,118.7
108,3rd,43647,11月1日,T20,1,8,57,4.5,3,1.5,1,118.7
108,3rd,43647,11月1日,T20,1,9,57,5,3,1.666666667,1,118.7
108,3rd,43647,11月1日,T20,1,10,57,16.3,5,3.26,0,118.7
108,3rd,43647,11月1日,T20,2,11,57,14.4,6,2.4,0,109.7
108,3rd,43647,11月1日,T20,2,12,57,2.2,4,0.55,1,109.7
108,3rd,43647,11月1日,T20,2,13,57,5.5,4,1.375,1,109.7
108,3rd,43647,11月1日,T20,2,14,57,12.9,5,2.58,0,109.7
108,3rd,43647,11月1日,T20,2,15,57,15.7,6,2.616666667,0,109.7
108,3rd,43647,11月1日,T20,2,16,57,9.4,4,2.35,1,109.7
108,3rd,43647,11月1日,T20,2,17,57,14.2,6,2.366666667,0,109.7
108,3rd,43647,11月1日,T20,2,18,57,4.8,3,1.6,0,109.7
108,3rd,43647,11月1日,T20,2,19,57,7.6,4,1.9,1,109.7
108,3rd,43647,11月1日,T20,2,20,57,8.1,4,2.025,0,109.7
108,3rd,43647,11月1日,T20,3,21,57,11.7,5,2.34,0,107.1
108,3rd,43647,11月1日,T20,3,22,57,10.5,4,2.625,1,107.1
108,3rd,43647,11月1日,T20,3,23,57,4,4,1,0,107.1
108,3rd,43647,11月1日,T20,3,24,57,14.9,6,2.483333333,0,107.1
108,3rd,43647,11月1日,T20,3,25,57,5.7,4,1.425,1,107.1
108,3rd,43647,11月1日,T20,3,26,57,5.7,4,1.425,1,107.1
108,3rd,43647,11月1日,T20,3,27,57,13.5,5,2.7,0,107.1
108,3rd,43647,11月1日,T20,3,28,57,4.3,3,1.433333333,1,107.1
108,3rd,43647,11月1日,T20,3,29,57,4.8,3,1.6,1,107.1
108,3rd,43647,11月1日,T20,3,30,57,6.3,4,1.575,1,107.1
108,3rd,7/8(茶菁1)、7/10(茶菁2、3),10月1日,DP,1,1,62,11,5,2.2,1,139.8
108,3rd,7/8(茶菁1)、7/10(茶菁2、3),10月1日,DP,1,2,62,19.8,7,2.828571429,0,139.8
108,3rd,7/8(茶菁1)、7/10(茶菁2、3),10月1日,DP,1,3,62,15.8,6,2.633333333,0,139.8
108,3rd,7/8(茶菁1)、7/10(茶菁2、3),10月1日,DP,1,4,62,10.7,4,2.675,0,139.8
108,3rd,7/8(茶菁1)、7/10(茶菁2、3),10月1日,DP,1,5,62,3.3,2,1.65,1,139.8
108,3rd,7/8(茶菁1)、7/10(茶菁2、3),10月1日,DP,1,6,62,7.8,3,2.6,1,139.8
108,3rd,7/8(茶菁1)、7/10(茶菁2、3),10月1日,DP,1,7,62,13.7,5,2.74,1,139.8
108,3rd,7/8(茶菁1)、7/10(茶菁2、3),10月1日,DP,1,8,62,11.4,6,1.9,1,139.8
108,3rd,7/8(茶菁1)、7/10(茶菁2、3),10月1日,DP,1,9,62,13.1,6,2.183333333,1,139.8
108,3rd,7/8(茶菁1)、7/10(茶菁2、3),10月1日,DP,1,10,62,7,4,1.75,1,139.8
108,3rd,7/8(茶菁1)、7/10(茶菁2、3),10月1日,DP,2,11,62,7.2,4,1.8,1,145.6
108,3rd,7/8(茶菁1)、7/10(茶菁2、3),10月1日,DP,2,12,62,11.3,5,2.26,0,145.6
108,3rd,7/8(茶菁1)、7/10(茶菁2、3),10月1日,DP,2,13,62,26,7,3.714285714,0,145.6
108,3rd,7/8(茶菁1)、7/10(茶菁2、3),10月1日,DP,2,14,62,10.5,5,2.1,0,145.6
108,3rd,7/8(茶菁1)、7/10(茶菁2、3),10月1日,DP,2,15,62,15.6,6,2.6,0,145.6
108,3rd,7/8(茶菁1)、7/10(茶菁2、3),10月1日,DP,2,16,62,10.5,5,2.1,1,145.6
108,3rd,7/8(茶菁1)、7/10(茶菁2、3),10月1日,DP,2,17,62,5.1,3,1.7,1,145.6
108,3rd,7/8(茶菁1)、7/10(茶菁2、3),10月1日,DP,2,18,62,2.6,3,0.866666667,1,145.6
108,3rd,7/8(茶菁1)、7/10(茶菁2、3),10月1日,DP,2,19,62,7.2,4,1.8,0,145.6
108,3rd,7/8(茶菁1)、7/10(茶菁2、3),10月1日,DP,2,20,62,7.6,4,1.9,1,145.6
108,3rd,7/8(茶菁1)、7/10(茶菁2、3),10月1日,DP,3,21,62,5.4,3,1.8,1,142.2
108,3rd,7/8(茶菁1)、7/10(茶菁2、3),10月1日,DP,3,22,62,19.3,7,2.757142857,0,142.2
108,3rd,7/8(茶菁1)、7/10(茶菁2、3),10月1日,DP,3,23,62,4,4,1,1,142.2
108,3rd,7/8(茶菁1)、7/10(茶菁2、3),10月1日,DP,3,24,62,7.3,4,1.825,1,142.2
108,3rd,7/8(茶菁1)、7/10(茶菁2、3),10月1日,DP,3,25,62,16.5,6,2.75,0,142.2
108,3rd,7/8(茶菁1)、7/10(茶菁2、3),10月1日,DP,3,26,62,15.9,6,2.65,0,142.2
108,3rd,7/8(茶菁1)、7/10(茶菁2、3),10月1日,DP,3,27,62,5.8,4,1.45,1,142.2
108,3rd,7/8(茶菁1)、7/10(茶菁2、3),10月1日,DP,3,28,62,16.8,6,2.8,0,142.2
108,3rd,7/8(茶菁1)、7/10(茶菁2、3),10月1日,DP,3,29,62,8.7,4,2.175,1,142.2
108,3rd,7/8(茶菁1)、7/10(茶菁2、3),10月1日,DP,3,30,62,11.8,5,2.36,0,142.2
108,3rd,43637,5區,FS,3,1,53,12,4,3,0,146
108,3rd,43637,5區,FS,3,2,53,7.4,4,1.85,0,146
108,3rd,43637,5區,FS,3,3,53,22.2,9,2.466666667,0,146
108,3rd,43637,5區,FS,3,4,53,9.5,4,2.375,0,146
108,3rd,43637,5區,FS,3,5,53,13.5,6,2.25,0,146
108,3rd,43637,5區,FS,3,6,53,4.2,3,1.4,0,146
108,3rd,43637,5區,FS,3,7,53,12.8,5,2.56,0,146
108,3rd,43637,5區,FS,3,8,53,9.2,5,1.84,0,146
108,3rd,43637,5區,FS,3,9,53,5.6,3,1.866666667,0,146
108,3rd,43637,5區,FS,3,10,53,13.9,6,2.316666667,0,146
108,3rd,43637,5區,FS,2,11,53,15.8,6,2.633333333,0,171.5
108,3rd,43637,5區,FS,2,12,53,5.2,3,1.733333333,0,171.5
108,3rd,43637,5區,FS,2,13,53,8.9,5,1.78,0,171.5
108,3rd,43637,5區,FS,2,14,53,11.5,5,2.3,0,171.5
108,3rd,43637,5區,FS,2,15,53,15.4,6,2.566666667,0,171.5
108,3rd,43637,5區,FS,2,16,53,16.3,6,2.716666667,0,171.5
108,3rd,43637,5區,FS,2,17,53,14,6,2.333333333,0,171.5
108,3rd,43637,5區,FS,2,18,53,14.9,6,2.483333333,0,171.5
108,3rd,43637,5區,FS,2,19,53,5.6,4,1.4,1,171.5
108,3rd,43637,5區,FS,2,20,53,8.9,5,1.78,0,171.5
108,3rd,43637,5區,FS,1,21,53,8.8,5,1.76,0,167
108,3rd,43637,5區,FS,1,22,53,17.2,6,2.866666667,0,167
108,3rd,43637,5區,FS,1,23,53,7.5,4,1.875,0,167
108,3rd,43637,5區,FS,1,24,53,21.1,7,3.014285714,0,167
108,3rd,43637,5區,FS,1,25,53,13.8,4,3.45,0,167
108,3rd,43637,5區,FS,1,26,53,10.6,5,2.12,0,167
108,3rd,43637,5區,FS,1,27,53,4.2,3,1.4,0,167
108,3rd,43637,5區,FS,1,28,53,17.9,6,2.983333333,0,167
108,3rd,43637,5區,FS,1,29,53,8.7,5,1.74,0,167
108,3rd,43637,5區,FS,1,30,53,3.8,2,1.9,0,167
108,4th,43705,11月2日,T8,1,7,70,2.5,3,0.833333333,1,145.8
108,4th,43705,11月2日,T8,1,5,70,4.7,4,1.175,1,145.8
108,4th,43705,11月2日,T8,1,3,70,6.2,5,1.24,1,145.8
108,4th,43705,11月2日,T8,1,4,70,7,5,1.4,1,145.8
108,4th,43705,11月2日,T8,1,1,70,7.8,5,1.56,1,145.8
108,4th,43705,11月2日,T8,1,8,70,8,5,1.6,1,145.8
108,4th,43705,11月2日,T8,1,9,70,8.8,5,1.76,1,145.8
108,4th,43705,11月2日,T8,1,6,70,9.5,6,1.583333333,1,145.8
108,4th,43705,11月2日,T8,1,2,70,12.5,6,2.083333333,1,145.8
108,4th,43705,11月2日,T8,1,10,70,12.8,6,2.133333333,1,145.8
108,4th,43705,11月2日,T8,2,17,70,3.1,3,1.033333333,1,172.1
108,4th,43705,11月2日,T8,2,20,70,5.6,4,1.4,1,172.1
108,4th,43705,11月2日,T8,2,16,70,7.2,5,1.44,1,172.1
108,4th,43705,11月2日,T8,2,13,70,7.5,5,1.5,1,172.1
108,4th,43705,11月2日,T8,2,19,70,10,5,2,1,172.1
108,4th,43705,11月2日,T8,2,12,70,10.5,5,2.1,1,172.1
108,4th,43705,11月2日,T8,2,15,70,11.3,4,2.825,1,172.1
108,4th,43705,11月2日,T8,2,18,70,12.5,6,2.083333333,1,172.1
108,4th,43705,11月2日,T8,2,11,70,13.5,5,2.7,1,172.1
108,4th,43705,11月2日,T8,2,14,70,17.3,6,2.883333333,1,172.1
108,4th,43705,11月2日,T8,3,21,70,4,4,1,1,145.1
108,4th,43705,11月2日,T8,3,22,70,4.5,3,1.5,1,145.1
108,4th,43705,11月2日,T8,3,28,70,5.1,3,1.7,1,145.1
108,4th,43705,11月2日,T8,3,25,70,6.9,4,1.725,1,145.1
108,4th,43705,11月2日,T8,3,29,70,8.2,4,2.05,1,145.1
108,4th,43705,11月2日,T8,3,26,70,9.3,5,1.86,1,145.1
108,4th,43705,11月2日,T8,3,23,70,11.3,6,1.883333333,1,145.1
108,4th,43705,11月2日,T8,3,27,70,11.8,5,2.36,1,145.1
108,4th,43705,11月2日,T8,3,24,70,13,5,2.6,0,145.1
108,4th,43705,11月2日,T8,3,30,70,15.8,6,2.633333333,1,145.1
108,4th,"8/8, 8/12",6-3、6-4,T12,1,1,57,3.6,4,0.9,1,86
108,4th,"8/8, 8/12",6-3、6-4,T12,1,2,57,4.6,4,1.15,1,86
108,4th,"8/8, 8/12",6-3、6-4,T12,1,3,57,5.7,5,1.14,1,86
108,4th,"8/8, 8/12",6-3、6-4,T12,1,9,57,6,5,1.2,1,86
108,4th,"8/8, 8/12",6-3、6-4,T12,1,7,57,7.1,4,1.775,1,86
108,4th,"8/8, 8/12",6-3、6-4,T12,1,4,57,10.8,5,2.16,0,86
108,4th,"8/8, 8/12",6-3、6-4,T12,1,10,57,12.3,5,2.46,0,86
108,4th,"8/8, 8/12",6-3、6-4,T12,1,8,57,12.9,6,2.15,0,86
108,4th,"8/8, 8/12",6-3、6-4,T12,1,5,57,14.5,5,2.9,0,86
108,4th,"8/8, 8/12",6-3、6-4,T12,1,6,57,19.3,6,3.216666667,0,86
108,4th,"8/8, 8/12",6-3、6-4,T12,2,18,57,1.7,3,0.566666667,1,87.4
108,4th,"8/8, 8/12",6-3、6-4,T12,2,14,57,5.6,4,1.4,1,87.4
108,4th,"8/8, 8/12",6-3、6-4,T12,2,16,57,5.7,5,1.14,1,87.4
108,4th,"8/8, 8/12",6-3、6-4,T12,2,19,57,6.4,3,2.133333333,1,87.4
108,4th,"8/8, 8/12",6-3、6-4,T12,2,20,57,6.8,4,1.7,1,87.4
108,4th,"8/8, 8/12",6-3、6-4,T12,2,13,57,7.8,4,1.95,1,87.4
108,4th,"8/8, 8/12",6-3、6-4,T12,2,11,57,10.2,5,2.04,1,87.4
108,4th,"8/8, 8/12",6-3、6-4,T12,2,15,57,13.2,5,2.64,0,87.4
108,4th,"8/8, 8/12",6-3、6-4,T12,2,12,57,15.2,7,2.171428571,0,87.4
108,4th,"8/8, 8/12",6-3、6-4,T12,2,17,57,18.1,6,3.016666667,0,87.4
108,4th,"8/8, 8/12",6-3、6-4,T12,3,26,57,2.9,3,0.966666667,1,117.2
108,4th,"8/8, 8/12",6-3、6-4,T12,3,23,57,3.7,3,1.233333333,1,117.2
108,4th,"8/8, 8/12",6-3、6-4,T12,3,27,57,3.7,4,0.925,1,117.2
108,4th,"8/8, 8/12",6-3、6-4,T12,3,22,57,6.6,4,1.65,1,117.2
108,4th,"8/8, 8/12",6-3、6-4,T12,3,30,57,8.1,5,1.62,0,117.2
108,4th,"8/8, 8/12",6-3、6-4,T12,3,24,57,9,5,1.8,0,117.2
108,4th,"8/8, 8/12",6-3、6-4,T12,3,25,57,11,7,1.571428571,0,117.2
108,4th,"8/8, 8/12",6-3、6-4,T12,3,29,57,11.2,6,1.866666667,0,117.2
108,4th,"8/8, 8/12",6-3、6-4,T12,3,28,57,11.7,6,1.95,0,117.2
108,4th,"8/8, 8/12",6-3、6-4,T12,3,21,57,14.7,6,2.45,0,117.2
108,4th,43719,23區,T18,1,5,61,3.2,3,1.066666667,1,141.8
108,4th,43719,23區,T18,1,8,61,6.9,3,2.3,0,141.8
108,4th,43719,23區,T18,1,1,61,7.5,4,1.875,0,141.8
108,4th,43719,23區,T18,1,4,61,8.9,5,1.78,0,141.8
108,4th,43719,23區,T18,1,7,61,9.2,4,2.3,0,141.8
108,4th,43719,23區,T18,1,9,61,9.6,6,1.6,1,141.8
108,4th,43719,23區,T18,1,3,61,9.7,4,2.425,0,141.8
108,4th,43719,23區,T18,1,10,61,10.8,5,2.16,0,141.8
108,4th,43719,23區,T18,1,2,61,16.4,6,2.733333333,0,141.8
108,4th,43719,23區,T18,1,6,61,19.4,6,3.233333333,0,141.8
108,4th,43719,23區,T18,2,13,61,4.5,3,1.5,1,148.1
108,4th,43719,23區,T18,2,15,61,6,4,1.5,1,148.1
108,4th,43719,23區,T18,2,14,61,7,4,1.75,1,148.1
108,4th,43719,23區,T18,2,18,61,8.1,4,2.025,1,148.1
108,4th,43719,23區,T18,2,20,61,8.9,4,2.225,0,148.1
108,4th,43719,23區,T18,2,12,61,11.7,5,2.34,0,148.1
108,4th,43719,23區,T18,2,19,61,15.6,7,2.228571429,0,148.1
108,4th,43719,23區,T18,2,17,61,16.1,6,2.683333333,0,148.1
108,4th,43719,23區,T18,2,16,61,16.2,5,3.24,0,148.1
108,4th,43719,23區,T18,2,11,61,19.5,6,3.25,0,148.1
108,4th,43719,23區,T18,3,29,61,2.1,3,0.7,1,135
108,4th,43719,23區,T18,3,24,61,5.1,4,1.275,1,135
108,4th,43719,23區,T18,3,30,61,5.9,4,1.475,0,135
108,4th,43719,23區,T18,3,21,61,6.9,4,1.725,0,135
108,4th,43719,23區,T18,3,22,61,7.1,4,1.775,1,135
108,4th,43719,23區,T18,3,23,61,8.2,4,2.05,0,135
108,4th,43719,23區,T18,3,25,61,10.4,4,2.6,0,135
108,4th,43719,23區,T18,3,26,61,11.7,5,2.34,0,135
108,4th,43719,23區,T18,3,28,61,12.8,5,2.56,0,135
108,4th,43719,23區,T18,3,27,61,16.5,6,2.75,0,135
108,4th,43682,5-1、5-2,FS,1,3,53,6,4,1.5,1,134.9
108,4th,43682,5-1、5-2,FS,1,5,53,9.4,6,1.566666667,0,134.9
108,4th,43682,5-1、5-2,FS,1,1,53,9.6,5,1.92,0,134.9
108,4th,43682,5-1、5-2,FS,1,8,53,10.2,6,1.7,1,134.9
108,4th,43682,5-1、5-2,FS,1,9,53,10.9,5,2.18,0,134.9
108,4th,43682,5-1、5-2,FS,1,10,53,13.2,5,2.64,0,134.9
108,4th,43682,5-1、5-2,FS,1,6,53,13.3,6,2.216666667,0,134.9
108,4th,43682,5-1、5-2,FS,1,4,53,13.7,6,2.283333333,0,134.9
108,4th,43682,5-1、5-2,FS,1,2,53,14.5,6,2.416666667,0,134.9
108,4th,43682,5-1、5-2,FS,1,7,53,17.8,6,2.966666667,0,134.9
108,4th,43682,5-1、5-2,FS,2,11,53,2.7,2,1.35,1,143.3
108,4th,43682,5-1、5-2,FS,2,12,53,5.2,4,1.3,1,143.3
108,4th,43682,5-1、5-2,FS,2,13,53,5.8,4,1.45,1,143.3
108,4th,43682,5-1、5-2,FS,2,14,53,7.7,6,1.283333333,1,143.3
108,4th,43682,5-1、5-2,FS,2,15,53,9.5,5,1.9,0,143.3
108,4th,43682,5-1、5-2,FS,2,16,53,10.3,5,2.06,0,143.3
108,4th,43682,5-1、5-2,FS,2,17,53,11.5,5,2.3,0,143.3
108,4th,43682,5-1、5-2,FS,2,18,53,15.5,7,2.214285714,0,143.3
108,4th,43682,5-1、5-2,FS,2,19,53,15.5,7,2.214285714,0,143.3
108,4th,43682,5-1、5-2,FS,2,20,53,17.3,7,2.471428571,0,143.3
108,4th,43682,5-1、5-2,FS,3,21,53,5.2,4,1.3,1,155.6
108,4th,43682,5-1、5-2,FS,3,22,53,5.5,4,1.375,1,155.6
108,4th,43682,5-1、5-2,FS,3,23,53,7,4,1.75,0,155.6
108,4th,43682,5-1、5-2,FS,3,24,53,8.2,4,2.05,0,155.6
108,4th,43682,5-1、5-2,FS,3,25,53,8.7,5,1.74,1,155.6
108,4th,43682,5-1、5-2,FS,3,26,53,9.5,6,1.583333333,0,155.6
108,4th,43682,5-1、5-2,FS,3,27,53,12.3,6,2.05,0,155.6
108,4th,43682,5-1、5-2,FS,3,28,53,14.8,6,2.466666667,1,155.6
108,4th,43682,5-1、5-2,FS,3,29,53,16.6,6,2.766666667,0,155.6
108,4th,43682,5-1、5-2,FS,3,30,53,20,7,2.857142857,0,155.6
108,5th,43761,10月2日,T8,1,7,65,1.4,2,0.7,1,99.4
108,5th,43761,10月2日,T8,1,6,65,1.8,3,0.6,1,99.4
108,5th,43761,10月2日,T8,1,3,65,2,2,1,1,99.4
108,5th,43761,10月2日,T8,1,9,65,2.3,3,0.766666667,1,99.4
108,5th,43761,10月2日,T8,1,1,65,4.1,3,1.366666667,1,99.4
108,5th,43761,10月2日,T8,1,5,65,6,5,1.2,1,99.4
108,5th,43761,10月2日,T8,1,8,65,6,4,1.5,0,99.4
108,5th,43761,10月2日,T8,1,10,65,6.5,4,1.625,1,99.4
108,5th,43761,10月2日,T8,1,2,65,10.4,6,1.733333333,1,99.4
108,5th,43761,10月2日,T8,1,4,65,12.8,6,2.133333333,1,99.4
108,5th,43761,10月2日,T8,2,14,65,2.2,3,0.733333333,1,97.1
108,5th,43761,10月2日,T8,2,12,65,3.2,3,1.066666667,1,97.1
108,5th,43761,10月2日,T8,2,16,65,3.9,4,0.975,1,97.1
108,5th,43761,10月2日,T8,2,18,65,4,5,0.8,1,97.1
108,5th,43761,10月2日,T8,2,20,65,4.3,3,1.433333333,0,97.1
108,5th,43761,10月2日,T8,2,15,65,6.6,5,1.32,1,97.1
108,5th,43761,10月2日,T8,2,19,65,9.5,6,1.583333333,1,97.1
108,5th,43761,10月2日,T8,2,11,65,10.3,6,1.716666667,1,97.1
108,5th,43761,10月2日,T8,2,13,65,10.5,4,2.625,0,97.1
108,5th,43761,10月2日,T8,2,17,65,11.8,6,1.966666667,1,97.1
108,5th,43761,10月2日,T8,3,22,65,1.1,2,0.55,1,100.8
108,5th,43761,10月2日,T8,3,28,65,1.7,3,0.566666667,1,100.8
108,5th,43761,10月2日,T8,3,27,65,2.6,3,0.866666667,1,100.8
108,5th,43761,10月2日,T8,3,25,65,5.1,4,1.275,1,100.8
108,5th,43761,10月2日,T8,3,24,65,5.8,4,1.45,1,100.8
108,5th,43761,10月2日,T8,3,30,65,7.8,5,1.56,1,100.8
108,5th,43761,10月2日,T8,3,21,65,8.2,6,1.366666667,1,100.8
108,5th,43761,10月2日,T8,3,23,65,10.3,5,2.06,0,100.8
108,5th,43761,10月2日,T8,3,26,65,13.3,5,2.66,0,100.8
108,5th,43761,10月2日,T8,3,29,65,17,6,2.833333333,0,100.8
108,5th,43742,6-3、6-4,T12,1,6,60,5.1,4,1.275,1,147.2
108,5th,43742,6-3、6-4,T12,1,10,60,5.2,4,1.3,1,147.2
108,5th,43742,6-3、6-4,T12,1,3,60,8.8,5,1.76,1,147.2
108,5th,43742,6-3、6-4,T12,1,5,60,10.3,5,2.06,0,147.2
108,5th,43742,6-3、6-4,T12,1,1,60,11.2,5,2.24,0,147.2
108,5th,43742,6-3、6-4,T12,1,2,60,12.1,5,2.42,0,147.2
108,5th,43742,6-3、6-4,T12,1,8,60,12.4,5,2.48,0,147.2
108,5th,43742,6-3、6-4,T12,1,7,60,13.1,5,2.62,0,147.2
108,5th,43742,6-3、6-4,T12,1,9,60,15.5,6,2.583333333,1,147.2
108,5th,43742,6-3、6-4,T12,1,4,60,15.9,6,2.65,0,147.2
108,5th,43742,6-3、6-4,T12,2,19,60,4.2,3,1.4,1,145.8
108,5th,43742,6-3、6-4,T12,2,11,60,4.3,3,1.433333333,1,145.8
108,5th,43742,6-3、6-4,T12,2,16,60,6.4,4,1.6,1,145.8
108,5th,43742,6-3、6-4,T12,2,17,60,7.8,4,1.95,0,145.8
108,5th,43742,6-3、6-4,T12,2,14,60,9.5,4,2.375,1,145.8
108,5th,43742,6-3、6-4,T12,2,20,60,10.7,4,2.675,0,145.8
108,5th,43742,6-3、6-4,T12,2,13,60,12.7,5,2.54,0,145.8
108,5th,43742,6-3、6-4,T12,2,12,60,16.1,6,2.683333333,0,145.8
108,5th,43742,6-3、6-4,T12,2,15,60,16.1,6,2.683333333,0,145.8
108,5th,43742,6-3、6-4,T12,2,18,60,18,9,2,0,145.8
108,5th,43742,6-3、6-4,T12,3,29,60,3,3,1,1,103.4
108,5th,43742,6-3、6-4,T12,3,23,60,4.1,3,1.366666667,1,103.4
108,5th,43742,6-3、6-4,T12,3,27,60,6.4,4,1.6,1,103.4
108,5th,43742,6-3、6-4,T12,3,30,60,6.4,4,1.6,1,103.4
108,5th,43742,6-3、6-4,T12,3,21,60,6.8,4,1.7,0,103.4
108,5th,43742,6-3、6-4,T12,3,28,60,7.6,4,1.9,1,103.4
108,5th,43742,6-3、6-4,T12,3,24,60,8.8,5,1.76,1,103.4
108,5th,43742,6-3、6-4,T12,3,22,60,10.2,6,1.7,0,103.4
108,5th,43742,6-3、6-4,T12,3,26,60,11.7,6,1.95,1,103.4
108,5th,43742,6-3、6-4,T12,3,25,60,17.3,7,2.471428571,1,103.4
108,5th,43775,23區,T18,1,8,59,2.7,3,0.9,1,126.1
108,5th,43775,23區,T18,1,2,59,2.8,3,0.933333333,1,126.1
108,5th,43775,23區,T18,1,1,59,7.2,6,1.2,1,126.1
108,5th,43775,23區,T18,1,6,59,7.3,6,1.216666667,1,126.1
108,5th,43775,23區,T18,1,10,59,7.3,5,1.46,1,126.1
108,5th,43775,23區,T18,1,4,59,7.6,5,1.52,1,126.1
108,5th,43775,23區,T18,1,3,59,10.3,5,2.06,1,126.1
108,5th,43775,23區,T18,1,9,59,11.5,7,1.642857143,1,126.1
108,5th,43775,23區,T18,1,5,59,12.5,7,1.785714286,1,126.1
108,5th,43775,23區,T18,1,7,59,14,7,2,0,126.1
108,5th,43775,23區,T18,2,12,59,4.2,3,1.4,1,131.6
108,5th,43775,23區,T18,2,20,59,6,4,1.5,0,131.6
108,5th,43775,23區,T18,2,17,59,6.5,4,1.625,1,131.6
108,5th,43775,23區,T18,2,19,59,8,6,1.333333333,1,131.6
108,5th,43775,23區,T18,2,16,59,8.8,5,1.76,0,131.6
108,5th,43775,23區,T18,2,15,59,9.1,5,1.82,0,131.6
108,5th,43775,23區,T18,2,13,59,9.6,6,1.6,0,131.6
108,5th,43775,23區,T18,2,11,59,10.2,6,1.7,0,131.6
108,5th,43775,23區,T18,2,14,59,10.7,5,2.14,0,131.6
108,5th,43775,23區,T18,2,18,59,12.2,6,2.033333333,0,131.6
108,5th,43775,23區,T18,3,26,59,3.8,4,0.95,1,111.9
108,5th,43775,23區,T18,3,29,59,3.8,3,1.266666667,0,111.9
108,5th,43775,23區,T18,3,21,59,4.6,4,1.15,1,111.9
108,5th,43775,23區,T18,3,25,59,4.7,4,1.175,1,111.9
108,5th,43775,23區,T18,3,30,59,5.5,5,1.1,1,111.9
108,5th,43775,23區,T18,3,23,59,6.1,5,1.22,1,111.9
108,5th,43775,23區,T18,3,28,59,6.9,5,1.38,1,111.9
108,5th,43775,23區,T18,3,22,59,7.8,4,1.95,0,111.9
108,5th,43775,23區,T18,3,27,59,8.3,5,1.66,1,111.9
108,5th,43775,23區,T18,3,24,59,17.5,7,2.5,0,111.9
108,5th,43769,10月1日,DP,1,10,60,3.7,3,1.233333333,1,98.6
108,5th,43769,10月1日,DP,1,7,60,4.6,4,1.15,1,98.6
108,5th,43769,10月1日,DP,1,1,60,4.8,3,1.6,1,98.6
108,5th,43769,10月1日,DP,1,2,60,7.1,4,1.775,1,98.6
108,5th,43769,10月1日,DP,1,8,60,7.1,5,1.42,0,98.6
108,5th,43769,10月1日,DP,1,6,60,7.4,4,1.85,1,98.6
108,5th,43769,10月1日,DP,1,4,60,7.8,4,1.95,0,98.6
108,5th,43769,10月1日,DP,1,5,60,9.1,5,1.82,1,98.6
108,5th,43769,10月1日,DP,1,3,60,12.5,5,2.5,1,98.6
108,5th,43769,10月1日,DP,1,9,60,12.6,5,2.52,1,98.6
108,5th,43769,10月1日,DP,2,15,60,3,3,1,1,92.6
108,5th,43769,10月1日,DP,2,17,60,3.5,3,1.166666667,1,92.6
108,5th,43769,10月1日,DP,2,19,60,6.5,5,1.3,1,92.6
108,5th,43769,10月1日,DP,2,12,60,7.3,4,1.825,1,92.6
108,5th,43769,10月1日,DP,2,18,60,8.8,5,1.76,1,92.6
108,5th,43769,10月1日,DP,2,13,60,9.4,5,1.88,1,92.6
108,5th,43769,10月1日,DP,2,16,60,9.6,5,1.92,0,92.6
108,5th,43769,10月1日,DP,2,11,60,10.6,5,2.12,1,92.6
108,5th,43769,10月1日,DP,2,14,60,10.7,4,2.675,0,92.6
108,5th,43769,10月1日,DP,2,20,60,11.5,5,2.3,0,92.6
108,5th,43769,10月1日,DP,3,30,60,2.2,2,1.1,1,94.1
108,5th,43769,10月1日,DP,3,28,60,4.9,4,1.225,1,94.1
108,5th,43769,10月1日,DP,3,26,60,6.4,4,1.6,1,94.1
108,5th,43769,10月1日,DP,3,23,60,6.8,5,1.36,1,94.1
108,5th,43769,10月1日,DP,3,29,60,7.2,4,1.8,1,94.1
108,5th,43769,10月1日,DP,3,24,60,9.2,4,2.3,0,94.1
108,5th,43769,10月1日,DP,3,25,60,9.2,4,2.3,0,94.1
108,5th,43769,10月1日,DP,3,22,60,10,5,2,1,94.1
108,5th,43769,10月1日,DP,3,21,60,11.1,5,2.22,1,94.1
108,5th,43769,10月1日,DP,3,27,60,14.5,6,2.416666667,0,94.1
108,6th,43817,10月2日,T8,1,6,65,1.5,3,0.5,1,59.1
108,6th,43817,10月2日,T8,1,7,65,1.8,3,0.6,1,59.1
108,6th,43817,10月2日,T8,1,9,65,2,3,0.666666667,1,59.1
108,6th,43817,10月2日,T8,1,8,65,2.1,3,0.7,0,59.1
108,6th,43817,10月2日,T8,1,3,65,2.6,4,0.65,1,59.1
108,6th,43817,10月2日,T8,1,4,65,3.2,4,0.8,1,59.1
108,6th,43817,10月2日,T8,1,10,65,3.5,4,0.875,1,59.1
108,6th,43817,10月2日,T8,1,2,65,3.8,5,0.76,1,59.1
108,6th,43817,10月2日,T8,1,1,65,3.9,4,0.975,1,59.1
108,6th,43817,10月2日,T8,1,5,65,5,4,1.25,1,59.1
108,6th,43817,10月2日,T8,2,14,65,1,2,0.5,1,58.3
108,6th,43817,10月2日,T8,2,12,65,1.5,3,0.5,1,58.3
108,6th,43817,10月2日,T8,2,18,65,1.5,3,0.5,1,58.3
108,6th,43817,10月2日,T8,2,17,65,1.6,3,0.533333333,1,58.3
108,6th,43817,10月2日,T8,2,16,65,2.4,3,0.8,1,58.3
108,6th,43817,10月2日,T8,2,13,65,3,3,1,1,58.3
108,6th,43817,10月2日,T8,2,11,65,3.2,4,0.8,1,58.3
108,6th,43817,10月2日,T8,2,20,65,4.7,5,0.94,1,58.3
108,6th,43817,10月2日,T8,2,15,65,5,4,1.25,1,58.3
108,6th,43817,10月2日,T8,2,19,65,5.2,4,1.3,1,58.3
108,6th,43817,10月2日,T8,3,22,65,1.3,3,0.433333333,1,67.3
108,6th,43817,10月2日,T8,3,24,65,1.7,2,0.85,1,67.3
108,6th,43817,10月2日,T8,3,28,65,1.9,3,0.633333333,1,67.3
108,6th,43817,10月2日,T8,3,29,65,2.1,3,0.7,1,67.3
108,6th,43817,10月2日,T8,3,30,65,2.6,4,0.65,0,67.3
108,6th,43817,10月2日,T8,3,23,65,2.7,3,0.9,1,67.3
108,6th,43817,10月2日,T8,3,27,65,2.9,4,0.725,1,67.3
108,6th,43817,10月2日,T8,3,25,65,3,2,1.5,0,67.3
108,6th,43817,10月2日,T8,3,26,65,3.3,4,0.825,1,67.3
108,6th,43817,10月2日,T8,3,21,65,4.4,4,1.1,1,67.3
108,6th,43794,6-3、6-4,T12,1,10,61,4.5,3,1.5,1,108.5
108,6th,43794,6-3、6-4,T12,1,7,61,5.6,4,1.4,1,108.5
108,6th,43794,6-3、6-4,T12,1,6,61,6.8,4,1.7,1,108.5
108,6th,43794,6-3、6-4,T12,1,4,61,6.9,4,1.725,1,108.5
108,6th,43794,6-3、6-4,T12,1,1,61,8.1,4,2.025,1,108.5
108,6th,43794,6-3、6-4,T12,1,3,61,8.6,4,2.15,1,108.5
108,6th,43794,6-3、6-4,T12,1,2,61,9.8,4,2.45,1,108.5
108,6th,43794,6-3、6-4,T12,1,9,61,10,5,2,1,108.5
108,6th,43794,6-3、6-4,T12,1,8,61,11.2,6,1.866666667,1,108.5
108,6th,43794,6-3、6-4,T12,1,5,61,13.9,6,2.316666667,1,108.5
108,6th,43794,6-3、6-4,T12,2,14,61,1.3,2,0.65,1,101.9
108,6th,43794,6-3、6-4,T12,2,18,61,1.9,2,0.95,1,101.9
108,6th,43794,6-3、6-4,T12,2,19,61,3.7,4,0.925,1,101.9
108,6th,43794,6-3、6-4,T12,2,20,61,4.4,3,1.466666667,1,101.9
108,6th,43794,6-3、6-4,T12,2,16,61,5.3,4,1.325,1,101.9
108,6th,43794,6-3、6-4,T12,2,13,61,5.5,5,1.1,1,101.9
108,6th,43794,6-3、6-4,T12,2,11,61,6,4,1.5,1,101.9
108,6th,43794,6-3、6-4,T12,2,12,61,8.8,5,1.76,1,101.9
108,6th,43794,6-3、6-4,T12,2,15,61,11.4,6,1.9,1,101.9
108,6th,43794,6-3、6-4,T12,2,17,61,13.2,6,2.2,1,101.9
108,6th,43794,6-3、6-4,T12,3,30,61,2.1,3,0.7,1,95.3
108,6th,43794,6-3、6-4,T12,3,25,61,4,3,1.333333333,1,95.3
108,6th,43794,6-3、6-4,T12,3,27,61,4.1,3,1.366666667,1,95.3
108,6th,43794,6-3、6-4,T12,3,21,61,4.9,4,1.225,1,95.3
108,6th,43794,6-3、6-4,T12,3,29,61,5.8,4,1.45,1,95.3
108,6th,43794,6-3、6-4,T12,3,23,61,6.5,4,1.625,1,95.3
108,6th,43794,6-3、6-4,T12,3,26,61,7.2,5,1.44,1,95.3
108,6th,43794,6-3、6-4,T12,3,22,61,7.7,4,1.925,1,95.3
108,6th,43794,6-3、6-4,T12,3,24,61,8.9,5,1.78,1,95.3
108,6th,43794,6-3、6-4,T12,3,28,61,12.9,5,2.58,1,95.3
108,6th,43815,3區,T17,1,10,59,1.4,3,0.466666667,1,95.8
108,6th,43815,3區,T17,1,1,59,1.7,2,0.85,1,95.8
108,6th,43815,3區,T17,1,3,59,2.6,4,0.65,1,95.8
108,6th,43815,3區,T17,1,7,59,3.7,4,0.925,1,95.8
108,6th,43815,3區,T17,1,9,59,3.8,3,1.266666667,0,95.8
108,6th,43815,3區,T17,1,8,59,4.4,4,1.1,1,95.8
108,6th,43815,3區,T17,1,6,59,6,7,0.857142857,1,95.8
108,6th,43815,3區,T17,1,4,59,6.1,6,1.016666667,1,95.8
108,6th,43815,3區,T17,1,5,59,6.9,6,1.15,1,95.8
108,6th,43815,3區,T17,1,2,59,9.2,7,1.314285714,1,95.8
108,6th,43815,3區,T17,2,17,59,4.5,3,1.5,0,93.2
108,6th,43815,3區,T17,2,18,59,5.1,4,1.275,1,93.2
108,6th,43815,3區,T17,2,19,59,5.6,4,1.4,0,93.2
108,6th,43815,3區,T17,2,14,59,7.3,4,1.825,0,93.2
108,6th,43815,3區,T17,2,20,59,7.3,5,1.46,0,93.2
108,6th,43815,3區,T17,2,12,59,8.4,5,1.68,1,93.2
108,6th,43815,3區,T17,2,11,59,10,5,2,0,93.2
108,6th,43815,3區,T17,2,13,59,10.5,5,2.1,0,93.2
108,6th,43815,3區,T17,2,16,59,11.1,5,2.22,0,93.2
108,6th,43815,3區,T17,2,15,59,19.5,7,2.785714286,0,93.2
108,6th,43815,3區,T17,3,24,59,2.7,3,0.9,1,93.2
108,6th,43815,3區,T17,3,29,59,4.8,3,1.6,0,93.2
108,6th,43815,3區,T17,3,22,59,4.9,3,1.633333333,0,93.2
108,6th,43815,3區,T17,3,27,59,5.1,4,1.275,0,93.2
108,6th,43815,3區,T17,3,26,59,6.3,4,1.575,0,93.2
108,6th,43815,3區,T17,3,28,59,6.9,4,1.725,0,93.2
108,6th,43815,3區,T17,3,21,59,7.5,5,1.5,1,102
108,6th,43815,3區,T17,3,23,59,9.7,5,1.94,0,102
108,6th,43815,3區,T17,3,30,59,12.3,5,2.46,0,102
108,6th,43815,3區,T17,3,25,59,13.2,6,2.2,0,102
108,6th,43822,"2-4,5,6",DP,1,4,65,1.6,2,0.8,1,60.7
108,6th,43822,"2-4,5,6",DP,1,1,65,3.1,4,0.775,1,60.7
108,6th,43822,"2-4,5,6",DP,1,9,65,3.2,3,1.066666667,0,60.7
108,6th,43822,"2-4,5,6",DP,1,8,65,4.1,3,1.366666667,1,60.7
108,6th,43822,"2-4,5,6",DP,1,3,65,4.9,4,1.225,1,60.7
108,6th,43822,"2-4,5,6",DP,1,6,65,5.3,3,1.766666667,1,60.7
108,6th,43822,"2-4,5,6",DP,1,2,65,6,4,1.5,1,60.7
108,6th,43822,"2-4,5,6",DP,1,5,65,6.1,5,1.22,1,60.7
108,6th,43822,"2-4,5,6",DP,1,10,65,6.1,3,2.033333333,1,60.7
108,6th,43822,"2-4,5,6",DP,1,7,65,7.2,4,1.8,1,60.7
108,6th,43822,"2-4,5,6",DP,2,16,65,2.4,4,0.6,1,61.5
108,6th,43822,"2-4,5,6",DP,2,20,65,2.7,2,1.35,1,61.5
108,6th,43822,"2-4,5,6",DP,2,18,65,3,3,1,1,61.5
108,6th,43822,"2-4,5,6",DP,2,12,65,4.3,3,1.433333333,1,61.5
108,6th,43822,"2-4,5,6",DP,2,11,65,4.5,3,1.5,1,61.5
108,6th,43822,"2-4,5,6",DP,2,15,65,5.5,3,1.833333333,1,61.5
108,6th,43822,"2-4,5,6",DP,2,14,65,8,4,2,1,61.5
108,6th,43822,"2-4,5,6",DP,2,17,65,8.5,4,2.125,1,61.5
108,6th,43822,"2-4,5,6",DP,2,19,65,9.3,5,1.86,1,61.5
108,6th,43822,"2-4,5,6",DP,2,13,65,11.4,4,2.85,1,61.5
108,6th,43822,"2-4,5,6",DP,3,28,65,2.3,2,1.15,1,61.5
108,6th,43822,"2-4,5,6",DP,3,23,65,3.6,3,1.2,1,61.5
108,6th,43822,"2-4,5,6",DP,3,29,65,6.2,4,1.55,1,61.5
108,6th,43822,"2-4,5,6",DP,3,21,65,7.3,4,1.825,1,79.8
108,6th,43822,"2-4,5,6",DP,3,25,65,7.5,5,1.5,1,79.8
108,6th,43822,"2-4,5,6",DP,3,26,65,8.5,4,2.125,1,79.8
108,6th,43822,"2-4,5,6",DP,3,27,65,10,4,2.5,1,79.8
108,6th,43822,"2-4,5,6",DP,3,30,65,10.5,5,2.1,1,79.8
108,6th,43822,"2-4,5,6",DP,3,24,65,12.3,5,2.46,1,79.8
108,6th,43822,"2-4,5,6",DP,3,22,65,13.3,6,2.216666667,0,79.8
109,1st,43886,6區,T12,1,1,53,6.1,4,1.525,1,118
109,1st,43886,6區,T12,1,2,53,3.3,3,1.1,1,118
109,1st,43886,6區,T12,1,3,53,18.8,6,3.133333333,0,118
109,1st,43886,6區,T12,1,4,53,4.2,4,1.05,1,118
109,1st,43886,6區,T12,1,5,53,7.8,5,1.56,1,118
109,1st,43886,6區,T12,1,6,53,1,2,0.5,1,118
109,1st,43886,6區,T12,1,7,53,11,5,2.2,0,118
109,1st,43886,6區,T12,1,8,53,4.7,5,0.94,1,118
109,1st,43886,6區,T12,1,9,53,13.8,6,2.3,0,118
109,1st,43886,6區,T12,1,10,53,3.4,3,1.133333333,1,118
109,1st,43886,6區,T12,2,11,53,10,5,2,1,121.7
109,1st,43886,6區,T12,2,12,53,7.8,5,1.56,0,121.7
109,1st,43886,6區,T12,2,13,53,12.1,5,2.42,0,121.7
109,1st,43886,6區,T12,2,14,53,3.6,4,0.9,1,121.7
109,1st,43886,6區,T12,2,15,53,7.3,4,1.825,0,121.7
109,1st,43886,6區,T12,2,16,53,2.5,3,0.833333333,1,121.7
109,1st,43886,6區,T12,2,17,53,7.6,5,1.52,1,121.7
109,1st,43886,6區,T12,2,18,53,7.1,5,1.42,0,121.7
109,1st,43886,6區,T12,2,19,53,5.6,4,1.4,1,121.7
109,1st,43886,6區,T12,2,20,53,6.7,4,1.675,1,121.7
109,1st,43886,6區,T12,3,21,53,6.8,4,1.7,1,106.6
109,1st,43886,6區,T12,3,22,53,20,6,3.333333333,0,106.6
109,1st,43886,6區,T12,3,23,53,9,6,1.5,1,106.6
109,1st,43886,6區,T12,3,24,53,11.2,6,1.866666667,1,106.6
109,1st,43886,6區,T12,3,25,53,12.3,5,2.46,0,106.6
109,1st,43886,6區,T12,3,26,53,7.4,5,1.48,1,106.6
109,1st,43886,6區,T12,3,27,53,6.7,4,1.675,1,106.6
109,1st,43886,6區,T12,3,28,53,10.8,5,2.16,0,106.6
109,1st,43886,6區,T12,3,29,53,4.8,3,1.6,1,106.6
109,1st,43886,6區,T12,3,30,53,3.5,3,1.166666667,1,106.6
109,1st,43901,10月1日,DP,1,1,55,1.2,2,0.6,1,142.1
109,1st,43901,10月1日,DP,1,2,55,4.8,4,1.2,1,142.1
109,1st,43901,10月1日,DP,1,3,55,7.5,4,1.875,1,142.1
109,1st,43901,10月1日,DP,1,4,55,10.2,3,3.4,0,142.1
109,1st,43901,10月1日,DP,1,5,55,12,4,3,0,142.1
109,1st,43901,10月1日,DP,1,6,55,11.8,4,2.95,0,142.1
109,1st,43901,10月1日,DP,1,7,55,6.8,3,2.266666667,1,142.1
109,1st,43901,10月1日,DP,1,8,55,15.7,6,2.616666667,0,142.1
109,1st,43901,10月1日,DP,1,9,55,8.2,4,2.05,1,142.1
109,1st,43901,10月1日,DP,1,10,55,3.7,3,1.233333333,1,142.1
109,1st,43901,10月1日,DP,2,11,55,13.6,4,3.4,0,131.8
109,1st,43901,10月1日,DP,2,12,55,6.9,4,1.725,1,131.8
109,1st,43901,10月1日,DP,2,13,55,15.8,5,3.16,0,131.8
109,1st,43901,10月1日,DP,2,14,55,8.4,4,2.1,1,131.8
109,1st,43901,10月1日,DP,2,15,55,6.9,4,1.725,1,131.8
109,1st,43901,10月1日,DP,2,16,55,14.3,6,2.383333333,0,131.8
109,1st,43901,10月1日,DP,2,17,55,10.7,4,2.675,0,131.8
109,1st,43901,10月1日,DP,2,18,55,19,6,3.166666667,0,131.8
109,1st,43901,10月1日,DP,2,19,55,8,4,2,1,131.8
109,1st,43901,10月1日,DP,2,20,55,6,3,2,1,131.8
109,1st,43901,10月1日,DP,3,21,55,11.3,5,2.26,1,123.2
109,1st,43901,10月1日,DP,3,22,55,7.9,5,1.58,1,123.2
109,1st,43901,10月1日,DP,3,23,55,16.8,6,2.8,0,123.2
109,1st,43901,10月1日,DP,3,24,55,11.4,4,2.85,0,123.2
109,1st,43901,10月1日,DP,3,25,55,8.9,4,2.225,0,123.2
109,1st,43901,10月1日,DP,3,26,55,17.3,5,3.46,0,123.2
109,1st,43901,10月1日,DP,3,27,55,9.8,5,1.96,1,123.2
109,1st,43901,10月1日,DP,3,28,55,3.2,3,1.066666667,1,123.2
109,1st,43901,10月1日,DP,3,29,55,7,4,1.75,1,123.2
109,1st,43901,10月1日,DP,3,30,55,4,3,1.333333333,1,123.2
109,2nd,43929,6區,T12,1,1,56,10.2,4,2.55,0,88.1
109,2nd,43929,6區,T12,1,2,56,9,4,2.25,0,88.1
109,2nd,43929,6區,T12,1,3,56,8.9,3,2.966666667,0,88.1
109,2nd,43929,6區,T12,1,4,56,13.3,4,3.325,0,88.1
109,2nd,43929,6區,T12,1,5,56,8.2,3,2.733333333,0,88.1
109,2nd,43929,6區,T12,1,6,56,13.7,4,3.425,0,88.1
109,2nd,43929,6區,T12,1,7,56,3.6,3,1.2,0,88.1
109,2nd,43929,6區,T12,1,8,56,6.1,3,2.033333333,0,88.1
109,2nd,43929,6區,T12,1,9,56,3,3,1,0,88.1
109,2nd,43929,6區,T12,1,10,56,9.5,4,2.375,0,88.1
109,2nd,43929,6區,T12,2,11,56,7.8,3,2.6,0,93.7
109,2nd,43929,6區,T12,2,12,56,9.3,5,1.86,0,93.7
109,2nd,43929,6區,T12,2,13,56,6.7,3,2.233333333,0,93.7
109,2nd,43929,6區,T12,2,14,56,10.7,4,2.675,0,93.7
109,2nd,43929,6區,T12,2,15,56,6.1,3,2.033333333,0,93.7
109,2nd,43929,6區,T12,2,16,56,3.8,2,1.9,0,93.7
109,2nd,43929,6區,T12,2,17,56,7.5,4,1.875,0,93.7
109,2nd,43929,6區,T12,2,18,56,5.2,3,1.733333333,0,93.7
109,2nd,43929,6區,T12,2,19,56,4.3,2,2.15,0,93.7
109,2nd,43929,6區,T12,2,20,56,8.5,3,2.833333333,0,93.7
109,2nd,43929,6區,T12,3,21,56,6.9,3,2.3,0,94.5
109,2nd,43929,6區,T12,3,22,56,12,4,3,0,94.5
109,2nd,43929,6區,T12,3,23,56,14.7,4,3.675,0,94.5
109,2nd,43929,6區,T12,3,24,56,5.4,3,1.8,0,94.5
109,2nd,43929,6區,T12,3,25,56,6.1,3,2.033333333,0,94.5
109,2nd,43929,6區,T12,3,26,56,6,4,1.5,1,94.5
109,2nd,43929,6區,T12,3,27,56,9,3,3,0,94.5
109,2nd,43929,6區,T12,3,28,56,13.1,4,3.275,0,94.5
109,2nd,43929,6區,T12,3,29,56,5.6,3,1.866666667,1,94.5
109,2nd,43929,6區,T12,3,30,56,5.3,2,2.65,0,94.5
109,2nd,43940,5區,FS,1,1,58,8.6,3,2.866666667,0,98.6
109,2nd,43940,5區,FS,1,2,58,10.2,4,2.55,0,98.6
109,2nd,43940,5區,FS,1,3,58,6.9,3,2.3,0,98.6
109,2nd,43940,5區,FS,1,4,58,5.7,2,2.85,0,98.6
109,2nd,43940,5區,FS,1,5,58,1.5,2,0.75,1,98.6
109,2nd,43940,5區,FS,1,6,58,4.2,2,2.1,0,98.6
109,2nd,43940,5區,FS,1,7,58,6.5,4,1.625,0,98.6
109,2nd,43940,5區,FS,1,8,58,2.6,2,1.3,0,98.6
109,2nd,43940,5區,FS,1,9,58,14.5,6,2.416666667,0,98.6
109,2nd,43940,5區,FS,1,10,58,3.9,2,1.95,0,98.6
109,2nd,43940,5區,FS,2,11,58,4.5,3,1.5,0,106.9
109,2nd,43940,5區,FS,2,12,58,10,4,2.5,0,106.9
109,2nd,43940,5區,FS,2,13,58,3.2,2,1.6,0,106.9
109,2nd,43940,5區,FS,2,14,58,7.5,4,1.875,0,106.9
109,2nd,43940,5區,FS,2,15,58,9.8,5,1.96,0,106.9
109,2nd,43940,5區,FS,2,16,58,3.6,3,1.2,1,106.9
109,2nd,43940,5區,FS,2,17,58,4.5,3,1.5,0,106.9
109,2nd,43940,5區,FS,2,18,58,12,5,2.4,0,106.9
109,2nd,43940,5區,FS,2,19,58,7.4,4,1.85,0,106.9
109,2nd,43940,5區,FS,2,20,58,7.9,3,2.633333333,0,106.9
109,2nd,43940,5區,FS,3,21,58,10.5,5,2.1,0,112.5
109,2nd,43940,5區,FS,3,22,58,9.5,4,2.375,0,112.5
109,2nd,43940,5區,FS,3,23,58,10.1,4,2.525,0,112.5
109,2nd,43940,5區,FS,3,24,58,11.7,5,2.34,0,112.5
109,2nd,43940,5區,FS,3,25,58,4.3,3,1.433333333,0,112.5
109,2nd,43940,5區,FS,3,26,58,3,2,1.5,0,112.5
109,2nd,43940,5區,FS,3,27,58,4.3,3,1.433333333,0,112.5
109,2nd,43940,5區,FS,3,28,58,7.5,3,2.5,0,112.5
109,2nd,43940,5區,FS,3,29,58,10.3,5,2.06,0,112.5
109,2nd,43940,5區,FS,3,30,58,5.6,3,1.866666667,0,112.5
109,2nd,43943,10月1日,DP,1,1,56,8.6,4,2.15,0,93.4
109,2nd,43943,10月1日,DP,1,2,56,9,3,3,0,93.4
109,2nd,43943,10月1日,DP,1,3,56,13.7,5,2.74,0,93.4
109,2nd,43943,10月1日,DP,1,4,56,12.5,6,2.083333333,0,93.4
109,2nd,43943,10月1日,DP,1,5,56,15.7,5,3.14,0,93.4
109,2nd,43943,10月1日,DP,1,6,56,4.8,3,1.6,0,93.4
109,2nd,43943,10月1日,DP,1,7,56,4.2,3,1.4,0,93.4
109,2nd,43943,10月1日,DP,1,8,56,10,4,2.5,1,93.4
109,2nd,43943,10月1日,DP,1,9,56,8.4,4,2.1,1,93.4
109,2nd,43943,10月1日,DP,1,10,56,9,5,1.8,0,93.4
109,2nd,43943,10月1日,DP,2,11,56,6.7,4,1.675,1,105.9
109,2nd,43943,10月1日,DP,2,12,56,12.5,4,3.125,0,105.9
109,2nd,43943,10月1日,DP,2,13,56,13.8,4,3.45,0,105.9
109,2nd,43943,10月1日,DP,2,14,56,9.8,4,2.45,1,105.9
109,2nd,43943,10月1日,DP,2,15,56,12.8,5,2.56,0,105.9
109,2nd,43943,10月1日,DP,2,16,56,10.5,4,2.625,1,105.9
109,2nd,43943,10月1日,DP,2,17,56,9.9,3,3.3,0,105.9
109,2nd,43943,10月1日,DP,2,18,56,10.2,4,2.55,0,105.9
109,2nd,43943,10月1日,DP,2,19,56,9.1,3,3.033333333,0,105.9
109,2nd,43943,10月1日,DP,2,20,56,11,4,2.75,1,105.9
109,2nd,43943,10月1日,DP,3,21,56,14.4,5,2.88,0,102.1
109,2nd,43943,10月1日,DP,3,22,56,9.7,4,2.425,0,102.1
109,2nd,43943,10月1日,DP,3,23,56,12.4,4,3.1,0,102.1
109,2nd,43943,10月1日,DP,3,24,56,12.8,4,3.2,0,102.1
109,2nd,43943,10月1日,DP,3,25,56,5.8,3,1.933333333,0,102.1
109,2nd,43943,10月1日,DP,3,26,56,8.1,3,2.7,0,102.1
109,2nd,43943,10月1日,DP,3,27,56,12.7,4,3.175,0,102.1
109,2nd,43943,10月1日,DP,3,28,56,8.3,3,2.766666667,0,102.1
109,2nd,43943,10月1日,DP,3,29,56,6.5,3,2.166666667,0,102.1
109,2nd,43943,10月1日,DP,3,30,56,16.2,5,3.24,0,102.1
109,2nd,43958,11月2日,T8,1,1,65,8,5,1.6,1,147
109,2nd,43958,11月2日,T8,1,2,65,14.1,6,2.35,0,147
109,2nd,43958,11月2日,T8,1,3,65,11.7,5,2.34,1,147
109,2nd,43958,11月2日,T8,1,4,65,7.9,5,1.58,1,147
109,2nd,43958,11月2日,T8,1,5,65,8.3,4,2.075,1,147
109,2nd,43958,11月2日,T8,1,6,65,11.2,4,2.8,0,147
109,2nd,43958,11月2日,T8,1,7,65,3.5,3,1.166666667,1,147
109,2nd,43958,11月2日,T8,1,8,65,11.5,5,2.3,0,147
109,2nd,43958,11月2日,T8,1,9,65,2.3,3,0.766666667,1,147
109,2nd,43958,11月2日,T8,1,10,65,12.3,4,3.075,0,147
109,2nd,43958,11月2日,T8,2,11,65,3.1,3,1.033333333,1,113.5
109,2nd,43958,11月2日,T8,2,12,65,5.7,4,1.425,1,113.5
109,2nd,43958,11月2日,T8,2,13,65,3.7,3,1.233333333,1,113.5
109,2nd,43958,11月2日,T8,2,14,65,7.5,5,1.5,1,113.5
109,2nd,43958,11月2日,T8,2,15,65,8.9,5,1.78,1,113.5
109,2nd,43958,11月2日,T8,2,16,65,8.8,4,2.2,0,113.5
109,2nd,43958,11月2日,T8,2,17,65,8.3,4,2.075,1,113.5
109,2nd,43958,11月2日,T8,2,18,65,8.5,4,2.125,0,113.5
109,2nd,43958,11月2日,T8,2,19,65,8.3,5,1.66,0,113.5
109,2nd,43958,11月2日,T8,2,20,65,10.2,5,2.04,0,113.5
109,2nd,43958,11月2日,T8,3,21,65,11.3,5,2.26,1,133.3
109,2nd,43958,11月2日,T8,3,22,65,6.5,4,1.625,1,133.3
109,2nd,43958,11月2日,T8,3,23,65,5.8,4,1.45,1,133.3
109,2nd,43958,11月2日,T8,3,24,65,6.3,4,1.575,1,133.3
109,2nd,43958,11月2日,T8,3,25,65,4.9,3,1.633333333,1,133.3
109,2nd,43958,11月2日,T8,3,26,65,7.4,4,1.85,0,133.3
109,2nd,43958,11月2日,T8,3,27,65,5.9,4,1.475,0,133.3
109,2nd,43958,11月2日,T8,3,28,65,8,5,1.6,1,133.3
109,2nd,43958,11月2日,T8,3,29,65,11.4,4,2.85,0,133.3
109,2nd,43958,11月2日,T8,3,30,65,6.1,3,2.033333333,0,133.3
109,2nd,43969,15區,T18,1,1,60,6,3,2,0,154.3
109,2nd,43969,15區,T18,1,2,60,19.5,7,2.785714286,0,154.3
109,2nd,43969,15區,T18,1,3,60,6.7,3,2.233333333,0,154.3
109,2nd,43969,15區,T18,1,4,60,12.5,6,2.083333333,0,154.3
109,2nd,43969,15區,T18,1,5,60,2.4,2,1.2,0,154.3
109,2nd,43969,15區,T18,1,6,60,9.1,5,1.82,0,154.3
109,2nd,43969,15區,T18,1,7,60,3.7,3,1.233333333,1,154.3
109,2nd,43969,15區,T18,1,8,60,10.6,4,2.65,0,154.3
109,2nd,43969,15區,T18,1,9,60,13,4,3.25,0,154.3
109,2nd,43969,15區,T18,1,10,60,19.3,7,2.757142857,0,154.3
109,2nd,43969,15區,T18,2,11,60,15.1,6,2.516666667,0,173.7
109,2nd,43969,15區,T18,2,12,60,15.8,6,2.633333333,0,173.7
109,2nd,43969,15區,T18,2,13,60,9.8,5,1.96,0,173.7
109,2nd,43969,15區,T18,2,14,60,11.6,4,2.9,0,173.7
109,2nd,43969,15區,T18,2,15,60,22.7,7,3.242857143,0,173.7
109,2nd,43969,15區,T18,2,16,60,10.2,6,1.7,0,173.7
109,2nd,43969,15區,T18,2,17,60,6.7,4,1.675,0,173.7
109,2nd,43969,15區,T18,2,18,60,17.7,7,2.528571429,0,173.7
109,2nd,43969,15區,T18,2,19,60,7.4,3,2.466666667,0,173.7
109,2nd,43969,15區,T18,2,20,60,10.7,5,2.14,0,173.7
109,2nd,43969,15區,T18,3,21,60,10.4,6,1.733333333,0,193.5
109,2nd,43969,15區,T18,3,22,60,6.6,4,1.65,0,193.5
109,2nd,43969,15區,T18,3,23,60,21.6,8,2.7,0,193.5
109,2nd,43969,15區,T18,3,24,60,6.4,4,1.6,0,193.5
109,2nd,43969,15區,T18,3,25,60,14.2,6,2.366666667,0,193.5
109,2nd,43969,15區,T18,3,26,60,14.7,6,2.45,0,193.5
109,2nd,43969,15區,T18,3,27,60,10.9,4,2.725,0,193.5
109,2nd,43969,15區,T18,3,28,60,11.4,5,2.28,0,193.5
109,2nd,43969,15區,T18,3,29,60,13.2,5,2.64,0,193.5
109,2nd,43969,15區,T18,3,30,60,15.1,6,2.516666667,0,193.5
109,3rd,43976,6區,T12,1,1,57,12.1,6,2.016666667,0,72.1
109,3rd,43976,6區,T12,1,2,57,9.3,4,2.325,0,72.1
109,3rd,43976,6區,T12,1,3,57,9.5,4,2.375,0,72.1
109,3rd,43976,6區,T12,1,4,57,14.3,7,2.042857143,0,72.1
109,3rd,43976,6區,T12,1,5,57,10,5,2,0,72.1
109,3rd,43976,6區,T12,1,6,57,7.2,3,2.4,0,72.1
109,3rd,43976,6區,T12,1,7,57,8.5,6,1.416666667,0,72.1
109,3rd,43976,6區,T12,1,8,57,11.1,6,1.85,0,72.1
109,3rd,43976,6區,T12,1,9,57,4.8,3,1.6,0,72.1
109,3rd,43976,6區,T12,1,10,57,5.4,4,1.35,0,72.1
109,3rd,43976,6區,T12,2,11,57,12.2,5,2.44,0,76
109,3rd,43976,6區,T12,2,12,57,6.9,3,2.3,0,76
109,3rd,43976,6區,T12,2,13,57,10.4,5,2.08,0,76
109,3rd,43976,6區,T12,2,14,57,7.5,3,2.5,0,76
109,3rd,43976,6區,T12,2,15,57,7.1,4,1.775,0,76
109,3rd,43976,6區,T12,2,16,57,13.7,5,2.74,0,76
109,3rd,43976,6區,T12,2,17,57,9.9,5,1.98,0,76
109,3rd,43976,6區,T12,2,18,57,7.5,4,1.875,0,76
109,3rd,43976,6區,T12,2,19,57,12.1,5,2.42,0,76
109,3rd,43976,6區,T12,2,20,57,2,2,1,0,76
109,3rd,43976,6區,T12,3,21,57,7.3,3,2.433333333,0,64.3
109,3rd,43976,6區,T12,3,22,57,4.1,3,1.366666667,0,64.3
109,3rd,43976,6區,T12,3,23,57,8.9,5,1.78,0,64.3
109,3rd,43976,6區,T12,3,24,57,5.5,3,1.833333333,0,64.3
109,3rd,43976,6區,T12,3,25,57,12.6,4,3.15,0,64.3
109,3rd,43976,6區,T12,3,26,57,10.2,4,2.55,0,64.3
109,3rd,43976,6區,T12,3,27,57,6.3,4,1.575,0,64.3
109,3rd,43976,6區,T12,3,28,57,10.4,5,2.08,0,64.3
109,3rd,43976,6區,T12,3,29,57,6.5,3,2.166666667,0,64.3
109,3rd,43976,6區,T12,3,30,57,8.5,5,1.7,0,64.3
109,3rd,43984,5區,FS,1,1,59,4.5,4,1.125,0,127.2
109,3rd,43984,5區,FS,1,2,59,8.3,4,2.075,0,127.2
109,3rd,43984,5區,FS,1,3,59,14.3,7,2.042857143,1,127.2
109,3rd,43984,5區,FS,1,4,59,13.5,5,2.7,0,127.2
109,3rd,43984,5區,FS,1,5,59,10.7,5,2.14,0,127.2
109,3rd,43984,5區,FS,1,6,59,10.8,4,2.7,0,127.2
109,3rd,43984,5區,FS,1,7,59,11.3,5,2.26,0,127.2
109,3rd,43984,5區,FS,1,8,59,10.8,4,2.7,0,127.2
109,3rd,43984,5區,FS,1,9,59,12.4,5,2.48,0,127.2
109,3rd,43984,5區,FS,1,10,59,10.7,5,2.14,0,127.2
109,3rd,43984,5區,FS,2,11,59,10.6,4,2.65,0,131
109,3rd,43984,5區,FS,2,12,59,17,5,3.4,0,131
109,3rd,43984,5區,FS,2,13,59,7.1,3,2.366666667,0,131
109,3rd,43984,5區,FS,2,14,59,7.7,4,1.925,0,131
109,3rd,43984,5區,FS,2,15,59,9,4,2.25,0,131
109,3rd,43984,5區,FS,2,16,59,13.7,4,3.425,0,131
109,3rd,43984,5區,FS,2,17,59,14.2,5,2.84,0,131
109,3rd,43984,5區,FS,2,18,59,14,6,2.333333333,0,131
109,3rd,43984,5區,FS,2,19,59,9.2,4,2.3,0,131
109,3rd,43984,5區,FS,2,20,59,7.9,4,1.975,0,131
109,3rd,43984,5區,FS,3,21,59,9.5,4,2.375,0,111.5
109,3rd,43984,5區,FS,3,22,59,10.2,5,2.04,0,111.5
109,3rd,43984,5區,FS,3,23,59,12.4,6,2.066666667,0,111.5
109,3rd,43984,5區,FS,3,24,59,8.5,4,2.125,0,111.5
109,3rd,43984,5區,FS,3,25,59,11.7,5,2.34,0,111.5
109,3rd,43984,5區,FS,3,26,59,10.3,5,2.06,0,111.5
109,3rd,43984,5區,FS,3,27,59,7.8,5,1.56,1,111.5
109,3rd,43984,5區,FS,3,28,59,5.3,2,2.65,0,111.5
109,3rd,43984,5區,FS,3,29,59,8.9,4,2.225,0,111.5
109,3rd,43984,5區,FS,3,30,59,12.5,4,3.125,0,111.5
109,3rd,43991,"2-4,5,6",DP,1,1,57,11.7,4,2.925,0,81.6
109,3rd,43991,"2-4,5,6",DP,1,2,57,11.4,4,2.85,0,81.6
109,3rd,43991,"2-4,5,6",DP,1,3,57,8.4,4,2.1,0,81.6
109,3rd,43991,"2-4,5,6",DP,1,4,57,8.2,5,1.64,0,81.6
109,3rd,43991,"2-4,5,6",DP,1,5,57,14.7,4,3.675,0,81.6
109,3rd,43991,"2-4,5,6",DP,1,6,57,10.3,3,3.433333333,0,81.6
109,3rd,43991,"2-4,5,6",DP,1,7,57,17.1,4,4.275,0,81.6
109,3rd,43991,"2-4,5,6",DP,1,8,57,10.9,3,3.633333333,0,81.6
109,3rd,43991,"2-4,5,6",DP,1,9,57,5.3,3,1.766666667,0,81.6
109,3rd,43991,"2-4,5,6",DP,1,10,57,4.4,2,2.2,0,81.6
109,3rd,43991,"2-4,5,6",DP,2,11,57,11.5,3,3.833333333,0,93.7
109,3rd,43991,"2-4,5,6",DP,2,12,57,12.5,3,4.166666667,0,93.7
109,3rd,43991,"2-4,5,6",DP,2,13,57,5,3,1.666666667,0,93.7
109,3rd,43991,"2-4,5,6",DP,2,14,57,15.6,4,3.9,0,93.7
109,3rd,43991,"2-4,5,6",DP,2,15,57,15.2,4,3.8,0,93.7
109,3rd,43991,"2-4,5,6",DP,2,16,57,11.5,4,2.875,0,93.7
109,3rd,43991,"2-4,5,6",DP,2,17,57,7.3,2,3.65,0,93.7
109,3rd,43991,"2-4,5,6",DP,2,18,57,19.6,4,4.9,0,93.7
109,3rd,43991,"2-4,5,6",DP,2,19,57,12.3,3,4.1,0,93.7
109,3rd,43991,"2-4,5,6",DP,2,20,57,7.3,4,1.825,0,93.7
109,3rd,43991,"2-4,5,6",DP,3,21,57,7.3,3,2.433333333,0,80.9
109,3rd,43991,"2-4,5,6",DP,3,22,57,16.2,5,3.24,0,80.9
109,3rd,43991,"2-4,5,6",DP,3,23,57,10,3,3.333333333,0,80.9
109,3rd,43991,"2-4,5,6",DP,3,24,57,9.6,4,2.4,0,80.9
109,3rd,43991,"2-4,5,6",DP,3,25,57,6.5,2,3.25,0,80.9
109,3rd,43991,"2-4,5,6",DP,3,26,57,12.4,3,4.133333333,0,80.9
109,3rd,43991,"2-4,5,6",DP,3,27,57,9.5,3,3.166666667,0,80.9
109,3rd,43991,"2-4,5,6",DP,3,28,57,5.5,3,1.833333333,0,80.9
109,3rd,43991,"2-4,5,6",DP,3,29,57,7.3,3,2.433333333,0,80.9
109,3rd,43991,"2-4,5,6",DP,3,30,57,5.1,3,1.7,0,80.9
109,3rd,44005,12區,T18,1,1,60,14.9,5,2.98,0,117.1
109,3rd,44005,12區,T18,1,2,60,11.4,5,2.28,0,117.1
109,3rd,44005,12區,T18,1,3,60,8.2,4,2.05,0,117.1
109,3rd,44005,12區,T18,1,4,60,5.4,4,1.35,0,117.1
109,3rd,44005,12區,T18,1,5,60,4.8,4,1.2,0,117.1
109,3rd,44005,12區,T18,1,6,60,9.5,5,1.9,0,117.1
109,3rd,44005,12區,T18,1,7,60,7.2,4,1.8,0,117.1
109,3rd,44005,12區,T18,1,8,60,9.1,4,2.275,0,117.1
109,3rd,44005,12區,T18,1,9,60,15.1,5,3.02,0,117.1
109,3rd,44005,12區,T18,1,10,60,6,3,2,0,117.1
109,3rd,44005,12區,T18,2,11,60,8.3,4,2.075,0,101.4
109,3rd,44005,12區,T18,2,12,60,7.1,3,2.366666667,0,101.4
109,3rd,44005,12區,T18,2,13,60,11.2,4,2.8,0,101.4
109,3rd,44005,12區,T18,2,14,60,8.2,4,2.05,0,101.4
109,3rd,44005,12區,T18,2,15,60,7,4,1.75,0,101.4
109,3rd,44005,12區,T18,2,16,60,3.5,3,1.166666667,0,101.4
109,3rd,44005,12區,T18,2,17,60,14.3,6,2.383333333,0,101.4
109,3rd,44005,12區,T18,2,18,60,3.6,3,1.2,0,101.4
109,3rd,44005,12區,T18,2,19,60,9,4,2.25,0,101.4
109,3rd,44005,12區,T18,2,20,60,3.3,3,1.1,1,101.4
109,3rd,44005,12區,T18,3,21,60,7.4,4,1.85,0,119.2
109,3rd,44005,12區,T18,3,22,60,16.6,5,3.32,0,119.2
109,3rd,44005,12區,T18,3,23,60,2.4,2,1.2,0,119.2
109,3rd,44005,12區,T18,3,24,60,6.6,3,2.2,0,119.2
109,3rd,44005,12區,T18,3,25,60,1.9,2,0.95,1,119.2
109,3rd,44005,12區,T18,3,26,60,10.6,4,2.65,0,119.2
109,3rd,44005,12區,T18,3,27,60,13.2,6,2.2,0,119.2
109,3rd,44005,12區,T18,3,28,60,13.7,6,2.283333333,1,119.2
109,3rd,44005,12區,T18,3,29,60,14.2,5,2.84,0,119.2
109,3rd,44005,12區,T18,3,30,60,3,3,1,1,119.2
109,3rd,44012,10月2日,T8,1,1,65,10,4,2.5,0,163.9
109,3rd,44012,10月2日,T8,1,2,65,5.3,3,1.766666667,0,163.9
109,3rd,44012,10月2日,T8,1,3,65,10.1,4,2.525,0,163.9
109,3rd,44012,10月2日,T8,1,4,65,15,6,2.5,0,163.9
109,3rd,44012,10月2日,T8,1,5,65,1.5,2,0.75,1,163.9
109,3rd,44012,10月2日,T8,1,6,65,14,5,2.8,0,163.9
109,3rd,44012,10月2日,T8,1,7,65,3.7,3,1.233333333,1,163.9
109,3rd,44012,10月2日,T8,1,8,65,9,4,2.25,0,163.9
109,3rd,44012,10月2日,T8,1,9,65,5.4,3,1.8,0,163.9
109,3rd,44012,10月2日,T8,1,10,65,14.7,6,2.45,0,163.9
109,3rd,44012,10月2日,T8,2,11,65,12.7,4,3.175,0,153.7
109,3rd,44012,10月2日,T8,2,12,65,4.4,3,1.466666667,1,153.7
109,3rd,44012,10月2日,T8,2,13,65,14.2,5,2.84,0,153.7
109,3rd,44012,10月2日,T8,2,14,65,8.8,4,2.2,0,153.7
109,3rd,44012,10月2日,T8,2,15,65,2.7,3,0.9,1,153.7
109,3rd,44012,10月2日,T8,2,16,65,11,4,2.75,0,153.7
109,3rd,44012,10月2日,T8,2,17,65,6.8,4,1.7,0,153.7
109,3rd,44012,10月2日,T8,2,18,65,13.8,4,3.45,0,153.7
109,3rd,44012,10月2日,T8,2,19,65,2.7,2,1.35,1,153.7
109,3rd,44012,10月2日,T8,2,20,65,18.7,6,3.116666667,0,153.7
109,3rd,44012,10月2日,T8,3,21,65,12.3,4,3.075,0,149.6
109,3rd,44012,10月2日,T8,3,22,65,4.4,3,1.466666667,1,149.6
109,3rd,44012,10月2日,T8,3,23,65,9.7,4,2.425,1,149.6
109,3rd,44012,10月2日,T8,3,24,65,13,5,2.6,0,149.6
109,3rd,44012,10月2日,T8,3,25,65,8.3,4,2.075,1,149.6
109,3rd,44012,10月2日,T8,3,26,65,10.7,5,2.14,1,149.6
109,3rd,44012,10月2日,T8,3,27,65,11.3,4,2.825,0,149.6
109,3rd,44012,10月2日,T8,3,28,65,6.3,3,2.1,0,149.6
109,3rd,44012,10月2日,T8,3,29,65,9.7,4,2.425,0,149.6
109,3rd,44012,10月2日,T8,3,30,65,5.6,4,1.4,1,149.6
109,4th,44035,7區,T12,1,1,58,12.7,5,2.54,0,100.8
109,4th,44035,7區,T12,1,2,58,3.6,2,1.8,0,100.8
109,4th,44035,7區,T12,1,3,58,9.4,4,2.35,0,100.8
109,4th,44035,7區,T12,1,4,58,7,5,1.4,0,100.8
109,4th,44035,7區,T12,1,5,58,6.5,4,1.625,1,100.8
109,4th,44035,7區,T12,1,6,58,11,6,1.833333333,0,100.8
109,4th,44035,7區,T12,1,7,58,3.3,2,1.65,1,100.8
109,4th,44035,7區,T12,1,8,58,3.9,3,1.3,0,100.8
109,4th,44035,7區,T12,1,9,58,19.5,7,2.785714286,0,100.8
109,4th,44035,7區,T12,1,10,58,16.3,5,3.26,0,100.8
109,4th,44035,7區,T12,2,11,58,9.3,5,1.86,0,98.3
109,4th,44035,7區,T12,2,12,58,3.5,2,1.75,0,98.3
109,4th,44035,7區,T12,2,13,58,15.9,5,3.18,0,98.3
109,4th,44035,7區,T12,2,14,58,10.7,4,2.675,0,98.3
109,4th,44035,7區,T12,2,15,58,15.1,6,2.516666667,0,98.3
109,4th,44035,7區,T12,2,16,58,8.8,5,1.76,1,98.3
109,4th,44035,7區,T12,2,17,58,8.6,5,1.72,0,98.3
109,4th,44035,7區,T12,2,18,58,9.5,4,2.375,0,98.3
109,4th,44035,7區,T12,2,19,58,6.9,4,1.725,0,98.3
109,4th,44035,7區,T12,2,20,58,16.3,7,2.328571429,0,98.3
109,4th,44035,7區,T12,3,21,58,6.8,3,2.266666667,0,92.5
109,4th,44035,7區,T12,3,22,58,12.9,4,3.225,0,92.5
109,4th,44035,7區,T12,3,23,58,10.4,5,2.08,0,92.5
109,4th,44035,7區,T12,3,24,58,7.1,3,2.366666667,0,92.5
109,4th,44035,7區,T12,3,25,58,12.6,6,2.1,0,92.5
109,4th,44035,7區,T12,3,26,58,4.6,3,1.533333333,0,92.5
109,4th,44035,7區,T12,3,27,58,14.1,6,2.35,0,92.5
109,4th,44035,7區,T12,3,28,58,4.1,2,2.05,0,92.5
109,4th,44035,7區,T12,3,29,58,2.5,3,0.833333333,1,92.5
109,4th,44035,7區,T12,3,30,58,5.5,3,1.833333333,0,92.5
109,4th,44042,"2-4,5,6",DP,1,1,56,13,5,2.6,0,54.7
109,4th,44042,"2-4,5,6",DP,1,2,56,4.9,2,2.45,0,54.7
109,4th,44042,"2-4,5,6",DP,1,3,56,9.1,4,2.275,0,54.7
109,4th,44042,"2-4,5,6",DP,1,4,56,3.3,2,1.65,0,54.7
109,4th,44042,"2-4,5,6",DP,1,5,56,5.6,4,1.4,0,54.7
109,4th,44042,"2-4,5,6",DP,1,6,56,6.5,4,1.625,0,54.7
109,4th,44042,"2-4,5,6",DP,1,7,56,2.5,3,0.833333333,0,54.7
109,4th,44042,"2-4,5,6",DP,1,8,56,4.7,3,1.566666667,0,54.7
109,4th,44042,"2-4,5,6",DP,1,9,56,5.2,3,1.733333333,0,54.7
109,4th,44042,"2-4,5,6",DP,1,10,56,2.3,2,1.15,0,54.7
109,4th,44042,"2-4,5,6",DP,2,11,56,10.2,4,2.55,0,62.5
109,4th,44042,"2-4,5,6",DP,2,12,56,5,3,1.666666667,0,62.5
109,4th,44042,"2-4,5,6",DP,2,13,56,9,4,2.25,0,62.5
109,4th,44042,"2-4,5,6",DP,2,14,56,12,4,3,0,62.5
109,4th,44042,"2-4,5,6",DP,2,15,56,6.6,4,1.65,0,62.5
109,4th,44042,"2-4,5,6",DP,2,16,56,3.5,2,1.75,0,62.5
109,4th,44042,"2-4,5,6",DP,2,17,56,13,5,2.6,0,62.5
109,4th,44042,"2-4,5,6",DP,2,18,56,5.8,4,1.45,0,62.5
109,4th,44042,"2-4,5,6",DP,2,19,56,5.2,3,1.733333333,0,62.5
109,4th,44042,"2-4,5,6",DP,2,20,56,8.7,4,2.175,0,62.5
109,4th,44042,"2-4,5,6",DP,3,21,56,9.3,5,1.86,0,51.4
109,4th,44042,"2-4,5,6",DP,3,22,56,7,4,1.75,0,51.4
109,4th,44042,"2-4,5,6",DP,3,23,56,4,3,1.333333333,0,51.4
109,4th,44042,"2-4,5,6",DP,3,24,56,4.9,3,1.633333333,0,51.4
109,4th,44042,"2-4,5,6",DP,3,25,56,5.2,4,1.3,0,51.4
109,4th,44042,"2-4,5,6",DP,3,26,56,6.3,4,1.575,0,51.4
109,4th,44042,"2-4,5,6",DP,3,27,56,8.7,4,2.175,0,51.4
109,4th,44042,"2-4,5,6",DP,3,28,56,3,2,1.5,0,51.4
109,4th,44042,"2-4,5,6",DP,3,29,56,10.8,4,2.7,1,51.4
109,4th,44042,"2-4,5,6",DP,3,30,56,6,3,2,0,51.4
109,4th,8/11、8/12,12區,T18,1,1,63,8.8,5,1.76,0,104.2
109,4th,8/11、8/12,12區,T18,1,2,63,2.9,3,0.966666667,0,104.2
109,4th,8/11、8/12,12區,T18,1,3,63,4.8,3,1.6,0,104.2
109,4th,8/11、8/12,12區,T18,1,4,63,6,4,1.5,0,104.2
109,4th,8/11、8/12,12區,T18,1,5,63,10.5,5,2.1,0,104.2
109,4th,8/11、8/12,12區,T18,1,6,63,1.6,2,0.8,1,104.2
109,4th,8/11、8/12,12區,T18,1,7,63,5.6,4,1.4,0,104.2
109,4th,8/11、8/12,12區,T18,1,8,63,7.5,4,1.875,0,104.2
109,4th,8/11、8/12,12區,T18,1,9,63,3.1,2,1.55,0,104.2
109,4th,8/11、8/12,12區,T18,1,10,63,5.4,4,1.35,0,104.2
109,4th,8/11、8/12,12區,T18,2,11,63,7.5,5,1.5,1,114
109,4th,8/11、8/12,12區,T18,2,12,63,12,5,2.4,0,114
109,4th,8/11、8/12,12區,T18,2,13,63,6.7,4,1.675,0,114
109,4th,8/11、8/12,12區,T18,2,14,63,9.5,5,1.9,1,114
109,4th,8/11、8/12,12區,T18,2,15,63,10.7,5,2.14,0,114
109,4th,8/11、8/12,12區,T18,2,16,63,6.7,4,1.675,0,114
109,4th,8/11、8/12,12區,T18,2,17,63,8.1,5,1.62,0,114
109,4th,8/11、8/12,12區,T18,2,18,63,5.1,3,1.7,0,114
109,4th,8/11、8/12,12區,T18,2,19,63,8.2,5,1.64,0,114
109,4th,8/11、8/12,12區,T18,2,20,63,6.7,4,1.675,1,114
109,4th,8/11、8/12,12區,T18,3,21,63,11.7,6,1.95,0,99.3
109,4th,8/11、8/12,12區,T18,3,22,63,5,4,1.25,1,99.3
109,4th,8/11、8/12,12區,T18,3,23,63,8,4,2,0,99.3
109,4th,8/11、8/12,12區,T18,3,24,63,13.2,6,2.2,0,99.3
109,4th,8/11、8/12,12區,T18,3,25,63,5.7,3,1.9,0,99.3
109,4th,8/11、8/12,12區,T18,3,26,63,5.8,4,1.45,0,99.3
109,4th,8/11、8/12,12區,T18,3,27,63,15.6,5,3.12,0,99.3
109,4th,8/11、8/12,12區,T18,3,28,63,5.4,3,1.8,0,99.3
109,4th,8/11、8/12,12區,T18,3,29,63,3.8,4,0.95,1,99.3
109,4th,8/11、8/12,12區,T18,3,30,63,6,4,1.5,1,99.3
109,5th,44084,5區,FS,1,1,58,7.4,4,1.85,0,106.6
109,5th,44084,5區,FS,1,2,58,7,5,1.4,0,106.6
109,5th,44084,5區,FS,1,3,58,6.3,5,1.26,1,106.6
109,5th,44084,5區,FS,1,4,58,4.2,4,1.05,1,106.6
109,5th,44084,5區,FS,1,5,58,9.1,5,1.82,0,106.6
109,5th,44084,5區,FS,1,6,58,13,6,2.166666667,1,106.6
109,5th,44084,5區,FS,1,7,58,4,4,1,1,106.6
109,5th,44084,5區,FS,1,8,58,16.2,7,2.314285714,0,106.6
109,5th,44084,5區,FS,1,9,58,11.5,6,1.916666667,1,106.6
109,5th,44084,5區,FS,1,10,58,9.2,4,2.3,0,106.6
109,5th,44084,5區,FS,2,11,58,3.8,3,1.266666667,1,121.9
109,5th,44084,5區,FS,2,12,58,3.3,3,1.1,1,121.9
109,5th,44084,5區,FS,2,13,58,11.2,5,2.24,0,121.9
109,5th,44084,5區,FS,2,14,58,5.8,4,1.45,0,121.9
109,5th,44084,5區,FS,2,15,58,8.8,5,1.76,0,121.9
109,5th,44084,5區,FS,2,16,58,10.7,5,2.14,0,121.9
109,5th,44084,5區,FS,2,17,58,10.7,5,2.14,0,121.9
109,5th,44084,5區,FS,2,18,58,9.2,5,1.84,0,121.9
109,5th,44084,5區,FS,2,19,58,2.9,3,0.966666667,0,121.9
109,5th,44084,5區,FS,2,20,58,6.9,5,1.38,1,121.9
109,5th,44084,5區,FS,3,21,58,4.2,3,1.4,1,116
109,5th,44084,5區,FS,3,22,58,7.1,5,1.42,1,116
109,5th,44084,5區,FS,3,23,58,11.4,7,1.628571429,0,116
109,5th,44084,5區,FS,3,24,58,4.5,4,1.125,1,116
109,5th,44084,5區,FS,3,25,58,4.3,3,1.433333333,0,116
109,5th,44084,5區,FS,3,26,58,9.8,5,1.96,0,116
109,5th,44084,5區,FS,3,27,58,11.1,6,1.85,0,116
109,5th,44084,5區,FS,3,28,58,3.5,3,1.166666667,1,116
109,5th,44084,5區,FS,3,29,58,9.8,6,1.633333333,1,116
109,5th,44084,5區,FS,3,30,58,4.4,4,1.1,1,116
109,5th,44088,10月1日,DP,1,1,59,7.5,4,1.875,1,98.2
109,5th,44088,10月1日,DP,1,2,59,13.1,5,2.62,0,98.2
109,5th,44088,10月1日,DP,1,3,59,10.4,5,2.08,0,98.2
109,5th,44088,10月1日,DP,1,4,59,8.2,4,2.05,0,98.2
109,5th,44088,10月1日,DP,1,5,59,7.7,3,2.566666667,0,98.2
109,5th,44088,10月1日,DP,1,6,59,3.7,2,1.85,1,98.2
109,5th,44088,10月1日,DP,1,7,59,9.1,4,2.275,0,98.2
109,5th,44088,10月1日,DP,1,8,59,9.9,4,2.475,0,98.2
109,5th,44088,10月1日,DP,1,9,59,12.4,6,2.066666667,0,98.2
109,5th,44088,10月1日,DP,1,10,59,6.1,4,1.525,1,98.2
109,5th,44088,10月1日,DP,2,11,59,11.9,5,2.38,0,100.6
109,5th,44088,10月1日,DP,2,12,59,13.1,5,2.62,0,100.6
109,5th,44088,10月1日,DP,2,13,59,1.7,2,0.85,1,100.6
109,5th,44088,10月1日,DP,2,14,59,7.7,4,1.925,1,100.6
109,5th,44088,10月1日,DP,2,15,59,3.9,2,1.95,1,100.6
109,5th,44088,10月1日,DP,2,16,59,20.6,7,2.942857143,0,100.6
109,5th,44088,10月1日,DP,2,17,59,7.7,4,1.925,0,100.6
109,5th,44088,10月1日,DP,2,18,59,11,6,1.833333333,0,100.6
109,5th,44088,10月1日,DP,2,19,59,4.5,3,1.5,1,100.6
109,5th,44088,10月1日,DP,2,20,59,8.8,4,2.2,0,100.6
109,5th,44088,10月1日,DP,3,21,59,6.1,3,2.033333333,1,92.5
109,5th,44088,10月1日,DP,3,22,59,6.6,4,1.65,1,92.5
109,5th,44088,10月1日,DP,3,23,59,5.3,3,1.766666667,1,92.5
109,5th,44088,10月1日,DP,3,24,59,6.3,3,2.1,0,92.5
109,5th,44088,10月1日,DP,3,25,59,19.2,6,3.2,0,92.5
109,5th,44088,10月1日,DP,3,26,59,11.5,6,1.916666667,0,92.5
109,5th,44088,10月1日,DP,3,27,59,6.5,4,1.625,1,92.5
109,5th,44088,10月1日,DP,3,28,59,6.4,4,1.6,0,92.5
109,5th,44088,10月1日,DP,3,29,59,12.2,5,2.44,0,92.5
109,5th,44088,10月1日,DP,3,30,59,9,5,1.8,0,92.5
109,5th,44116,"10-2,10-3",T8,1,1,65,1.5,2,0.75,0,84
109,5th,44116,"10-2,10-3",T8,1,2,65,1.4,3,0.466666667,1,84
109,5th,44116,"10-2,10-3",T8,1,3,65,7.2,4,1.8,0,84
109,5th,44116,"10-2,10-3",T8,1,4,65,3.9,3,1.3,0,84
109,5th,44116,"10-2,10-3",T8,1,5,65,2,2,1,1,84
109,5th,44116,"10-2,10-3",T8,1,6,65,2.2,3,0.733333333,0,84
109,5th,44116,"10-2,10-3",T8,1,7,65,2,3,0.666666667,1,84
109,5th,44116,"10-2,10-3",T8,1,8,65,5.4,4,1.35,0,84
109,5th,44116,"10-2,10-3",T8,1,9,65,2.8,3,0.933333333,0,84
109,5th,44116,"10-2,10-3",T8,1,10,65,8.2,5,1.64,0,84
109,5th,44116,"10-2,10-3",T8,2,11,65,6,4,1.5,0,90
109,5th,44116,"10-2,10-3",T8,2,12,65,4.8,3,1.6,0,90
109,5th,44116,"10-2,10-3",T8,2,13,65,3.3,4,0.825,1,90
109,5th,44116,"10-2,10-3",T8,2,14,65,3.7,4,0.925,1,90
109,5th,44116,"10-2,10-3",T8,2,15,65,2.3,3,0.766666667,0,90
109,5th,44116,"10-2,10-3",T8,2,16,65,2.8,3,0.933333333,1,90
109,5th,44116,"10-2,10-3",T8,2,17,65,6,4,1.5,1,90
109,5th,44116,"10-2,10-3",T8,2,18,65,2.7,3,0.9,0,90
109,5th,44116,"10-2,10-3",T8,2,19,65,6.7,4,1.675,0,90
109,5th,44116,"10-2,10-3",T8,2,20,65,6.5,5,1.3,0,90
109,5th,44116,"10-2,10-3",T8,3,21,65,5.9,4,1.475,0,107.5
109,5th,44116,"10-2,10-3",T8,3,22,65,3,2,1.5,0,107.5
109,5th,44116,"10-2,10-3",T8,3,23,65,3.3,4,0.825,0,107.5
109,5th,44116,"10-2,10-3",T8,3,24,65,1.8,3,0.6,1,107.5
109,5th,44116,"10-2,10-3",T8,3,25,65,7.7,6,1.283333333,0,107.5
109,5th,44116,"10-2,10-3",T8,3,26,65,3.7,4,0.925,0,107.5
109,5th,44116,"10-2,10-3",T8,3,27,65,3.6,4,0.9,1,107.5
109,5th,44116,"10-2,10-3",T8,3,28,65,2.2,3,0.733333333,0,107.5
109,5th,44116,"10-2,10-3",T8,3,29,65,4.4,5,0.88,0,107.5
109,5th,44116,"10-2,10-3",T8,3,30,65,10.4,5,2.08,0,107.5
109,5th,44130,23區,T18,1,1,64,5.2,4,1.3,0,83.8
109,5th,44130,23區,T18,1,2,64,3.3,3,1.1,0,83.8
109,5th,44130,23區,T18,1,3,64,3.3,4,0.825,0,83.8
109,5th,44130,23區,T18,1,4,64,5.6,4,1.4,0,83.8
109,5th,44130,23區,T18,1,5,64,3,3,1,0,83.8
109,5th,44130,23區,T18,1,6,64,3.6,4,0.9,0,83.8
109,5th,44130,23區,T18,1,7,64,9.9,5,1.98,0,83.8
109,5th,44130,23區,T18,1,8,64,3.7,4,0.925,1,83.8
109,5th,44130,23區,T18,1,9,64,6,4,1.5,0,83.8
109,5th,44130,23區,T18,1,10,64,1,3,0.333333333,1,83.8
109,5th,44130,23區,T18,2,11,64,2.5,3,0.833333333,0,73.7
109,5th,44130,23區,T18,2,12,64,3.1,4,0.775,1,73.7
109,5th,44130,23區,T18,2,13,64,2.5,3,0.833333333,1,73.7
109,5th,44130,23區,T18,2,14,64,5.2,4,1.3,0,73.7
109,5th,44130,23區,T18,2,15,64,8.6,4,2.15,0,73.7
109,5th,44130,23區,T18,2,16,64,1.5,3,0.5,1,73.7
109,5th,44130,23區,T18,2,17,64,3.7,4,0.925,0,73.7
109,5th,44130,23區,T18,2,18,64,2.9,3,0.966666667,1,73.7
109,5th,44130,23區,T18,2,19,64,3.3,3,1.1,0,73.7
109,5th,44130,23區,T18,2,20,64,2.1,3,0.7,1,73.7
109,5th,44130,23區,T18,3,21,64,6.1,4,1.525,0,73.5
109,5th,44130,23區,T18,3,22,64,1.3,2,0.65,0,73.5
109,5th,44130,23區,T18,3,23,64,4.6,3,1.533333333,0,73.5
109,5th,44130,23區,T18,3,24,64,3,3,1,0,73.5
109,5th,44130,23區,T18,3,25,64,4.7,4,1.175,0,73.5
109,5th,44130,23區,T18,3,26,64,4.7,4,1.175,0,73.5
109,5th,44130,23區,T18,3,27,64,9,4,2.25,0,73.5
109,5th,44130,23區,T18,3,28,64,3.3,4,0.825,1,73.5
109,5th,44130,23區,T18,3,29,64,4,5,0.8,1,73.5
109,5th,44130,23區,T18,3,30,64,3.8,5,0.76,0,73.5
109,6th,44139,9月1日,T12,1,1,57,12.9,6,2.15,0,106.1
109,6th,44139,9月1日,T12,1,2,57,8.7,4,2.175,1,106.1
109,6th,44139,9月1日,T12,1,3,57,13.1,5,2.62,1,106.1
109,6th,44139,9月1日,T12,1,4,57,10.1,5,2.02,0,106.1
109,6th,44139,9月1日,T12,1,5,57,19.8,6,3.3,0,106.1
109,6th,44139,9月1日,T12,1,6,57,13.8,6,2.3,1,106.1
109,6th,44139,9月1日,T12,1,7,57,12.7,6,2.116666667,0,106.1
109,6th,44139,9月1日,T12,1,8,57,16.7,5,3.34,0,106.1
109,6th,44139,9月1日,T12,1,9,57,10.9,7,1.557142857,1,106.1
109,6th,44139,9月1日,T12,1,10,57,9.6,5,1.92,1,106.1
109,6th,44139,9月1日,T12,2,11,57,6.7,4,1.675,1,70.3
109,6th,44139,9月1日,T12,2,12,57,8.5,6,1.416666667,1,70.3
109,6th,44139,9月1日,T12,2,13,57,13.3,5,2.66,1,70.3
109,6th,44139,9月1日,T12,2,14,57,11.7,5,2.34,1,70.3
109,6th,44139,9月1日,T12,2,15,57,10.5,5,2.1,1,70.3
109,6th,44139,9月1日,T12,2,16,57,11.9,5,2.38,1,70.3
109,6th,44139,9月1日,T12,2,17,57,13.1,5,2.62,0,70.3
109,6th,44139,9月1日,T12,2,18,57,8,5,1.6,1,70.3
109,6th,44139,9月1日,T12,2,19,57,8.4,4,2.1,1,70.3
109,6th,44139,9月1日,T12,2,20,57,6.9,5,1.38,1,70.3
109,6th,44139,9月1日,T12,3,21,57,11.5,5,2.3,0,87
109,6th,44139,9月1日,T12,3,22,57,9,4,2.25,1,87
109,6th,44139,9月1日,T12,3,23,57,13.6,8,1.7,0,87
109,6th,44139,9月1日,T12,3,24,57,11.2,5,2.24,1,87
109,6th,44139,9月1日,T12,3,25,57,10.1,6,1.683333333,0,87
109,6th,44139,9月1日,T12,3,26,57,9,4,2.25,1,87
109,6th,44139,9月1日,T12,3,27,57,12.8,7,1.828571429,0,87
109,6th,44139,9月1日,T12,3,28,57,12.3,6,2.05,1,87
109,6th,44139,9月1日,T12,3,29,57,11.5,5,2.3,1,87
109,6th,44139,9月1日,T12,3,30,57,9.8,6,1.633333333,1,87
109,6th,44159,12區,T18,1,1,64,5.4,5,1.08,0,31.2
109,6th,44159,12區,T18,1,2,64,6.3,4,1.575,0,31.2
109,6th,44159,12區,T18,1,3,64,5.3,5,1.06,0,31.2
109,6th,44159,12區,T18,1,4,64,4.8,5,0.96,1,31.2
109,6th,44159,12區,T18,1,5,64,2.4,4,0.6,1,31.2
109,6th,44159,12區,T18,1,6,64,4.5,4,1.125,1,31.2
109,6th,44159,12區,T18,1,7,64,4.7,4,1.175,0,31.2
109,6th,44159,12區,T18,1,8,64,4.1,4,1.025,1,31.2
109,6th,44159,12區,T18,1,9,64,4.8,4,1.2,0,31.2
109,6th,44159,12區,T18,1,10,64,2.7,5,0.54,1,31.2
109,6th,44159,12區,T18,2,11,64,4.4,5,0.88,0,33.4
109,6th,44159,12區,T18,2,12,64,3.8,4,0.95,0,33.4
109,6th,44159,12區,T18,2,13,64,5.2,4,1.3,0,33.4
109,6th,44159,12區,T18,2,14,64,5.1,4,1.275,0,33.4
109,6th,44159,12區,T18,2,15,64,3.7,3,1.233333333,0,33.4
109,6th,44159,12區,T18,2,16,64,4.1,4,1.025,0,33.4
109,6th,44159,12區,T18,2,17,64,3.2,5,0.64,1,33.4
109,6th,44159,12區,T18,2,18,64,4,4,1,1,33.4
109,6th,44159,12區,T18,2,19,64,3.6,4,0.9,1,33.4
109,6th,44159,12區,T18,2,20,64,3.6,4,0.9,0,33.4
109,6th,44159,12區,T18,3,21,64,5.5,5,1.1,0,32
109,6th,44159,12區,T18,3,22,64,4.3,5,0.86,0,32
109,6th,44159,12區,T18,3,23,64,7.7,4,1.925,0,32
109,6th,44159,12區,T18,3,24,64,7.6,4,1.9,0,32
109,6th,44159,12區,T18,3,25,64,5.1,4,1.275,1,32
109,6th,44159,12區,T18,3,26,64,6,5,1.2,0,32
109,6th,44159,12區,T18,3,27,64,3,3,1,1,32
109,6th,44159,12區,T18,3,28,64,4.8,4,1.2,0,32
109,6th,44159,12區,T18,3,29,64,6.7,4,1.675,0,32
109,6th,44159,12區,T18,3,30,64,4.5,4,1.125,0,32
109,6th,44165,11月2日,T8,1,1,71,8.7,5,1.74,1,67.2
109,6th,44165,11月2日,T8,1,2,71,8.8,5,1.76,1,67.2
109,6th,44165,11月2日,T8,1,3,71,9.9,5,1.98,0,67.2
109,6th,44165,11月2日,T8,1,4,71,8,5,1.6,0,67.2
109,6th,44165,11月2日,T8,1,5,71,8.6,4,2.15,0,67.2
109,6th,44165,11月2日,T8,1,6,71,9.3,5,1.86,0,67.2
109,6th,44165,11月2日,T8,1,7,71,8.5,4,2.125,0,67.2
109,6th,44165,11月2日,T8,1,8,71,9.9,5,1.98,1,67.2
109,6th,44165,11月2日,T8,1,9,71,8.9,4,2.225,0,67.2
109,6th,44165,11月2日,T8,1,10,71,8.6,7,1.228571429,1,67.2
109,6th,44165,11月2日,T8,2,11,71,7.4,4,1.85,1,80.3
109,6th,44165,11月2日,T8,2,12,71,8.7,4,2.175,1,80.3
109,6th,44165,11月2日,T8,2,13,71,11.1,5,2.22,0,80.3
109,6th,44165,11月2日,T8,2,14,71,11.3,5,2.26,1,80.3
109,6th,44165,11月2日,T8,2,15,71,8.8,5,1.76,1,80.3
109,6th,44165,11月2日,T8,2,16,71,7.4,5,1.48,1,80.3
109,6th,44165,11月2日,T8,2,17,71,7.1,5,1.42,1,80.3
109,6th,44165,11月2日,T8,2,18,71,7.9,4,1.975,1,80.3
109,6th,44165,11月2日,T8,2,19,71,5.6,4,1.4,1,80.3
109,6th,44165,11月2日,T8,2,20,71,8,4,2,0,80.3
109,6th,44165,11月2日,T8,3,21,71,7.7,5,1.54,0,65.5
109,6th,44165,11月2日,T8,3,22,71,5.6,3,1.866666667,1,65.5
109,6th,44165,11月2日,T8,3,23,71,6.8,4,1.7,0,65.5
109,6th,44165,11月2日,T8,3,24,71,6.6,4,1.65,1,65.5
109,6th,44165,11月2日,T8,3,25,71,5.8,4,1.45,1,65.5
109,6th,44165,11月2日,T8,3,26,71,5.7,4,1.425,0,65.5
109,6th,44165,11月2日,T8,3,27,71,7.4,4,1.85,0,65.5
109,6th,44165,11月2日,T8,3,28,71,6.6,3,2.2,0,65.5
109,6th,44165,11月2日,T8,3,29,71,7.4,5,1.48,0,65.5
109,6th,44165,11月2日,T8,3,30,71,7.2,5,1.44,0,65.5
109,7th,44181,"5-1,5-2",FS,1,1,61,7.5,4,1.875,1,143.8
109,7th,44181,"5-1,5-2",FS,1,2,61,9.4,4,2.35,1,143.8
109,7th,44181,"5-1,5-2",FS,1,3,61,10.8,5,2.16,1,143.8
109,7th,44181,"5-1,5-2",FS,1,4,61,11.8,5,2.36,1,143.8
109,7th,44181,"5-1,5-2",FS,1,5,61,8.8,5,1.76,1,143.8
109,7th,44181,"5-1,5-2",FS,1,6,61,9,5,1.8,1,143.8
109,7th,44181,"5-1,5-2",FS,1,7,61,8.9,4,2.225,1,143.8
109,7th,44181,"5-1,5-2",FS,1,8,61,9.7,5,1.94,1,143.8
109,7th,44181,"5-1,5-2",FS,1,9,61,10.1,4,2.525,1,143.8
109,7th,44181,"5-1,5-2",FS,1,10,61,7.1,4,1.775,1,143.8
109,7th,44181,"5-1,5-2",FS,2,11,61,9.3,4,2.325,1,153.8
109,7th,44181,"5-1,5-2",FS,2,12,61,14.6,5,2.92,1,153.8
109,7th,44181,"5-1,5-2",FS,2,13,61,77.8,4,19.45,1,153.8
109,7th,44181,"5-1,5-2",FS,2,14,61,7,4,1.75,1,153.8
109,7th,44181,"5-1,5-2",FS,2,15,61,8.2,5,1.64,1,153.8
109,7th,44181,"5-1,5-2",FS,2,16,61,10,5,2,1,153.8
109,7th,44181,"5-1,5-2",FS,2,17,61,8.1,4,2.025,1,153.8
109,7th,44181,"5-1,5-2",FS,2,18,61,7.8,4,1.95,1,153.8
109,7th,44181,"5-1,5-2",FS,2,19,61,8.4,4,2.1,1,153.8
109,7th,44181,"5-1,5-2",FS,2,20,61,7.6,4,1.9,1,153.8
109,7th,44181,"5-1,5-2",FS,3,21,61,7.9,3,2.633333333,1,162.2
109,7th,44181,"5-1,5-2",FS,3,22,61,7.5,4,1.875,1,162.2
109,7th,44181,"5-1,5-2",FS,3,23,61,6.2,4,1.55,1,162.2
109,7th,44181,"5-1,5-2",FS,3,24,61,9.1,4,2.275,1,162.2
109,7th,44181,"5-1,5-2",FS,3,25,61,11.6,5,2.32,1,162.2
109,7th,44181,"5-1,5-2",FS,3,26,61,8.6,4,2.15,1,162.2
109,7th,44181,"5-1,5-2",FS,3,27,61,8.1,5,1.62,1,162.2
109,7th,44181,"5-1,5-2",FS,3,28,61,10.4,5,2.08,1,162.2
109,7th,44181,"5-1,5-2",FS,3,29,61,9.3,5,1.86,1,162.2
109,7th,44181,"5-1,5-2",FS,3,30,61,9.8,5,1.96,1,162.2
