season,tea_kind,code,replication,polyphenol,FAA,Theanine,caffeine,Gallic Acid,C,GC,EGC,EC,EGCG,GCG,ECG,total_catechins,sample_label
2nd,fresh leaves,DP,1,66.42809777,20.72384668,2.092358243,17.48843737,0.857222103,2.755705168,5.719764894,30.11980358,4.777936485,42.60248276,4.600987594,8.163027974,98.73970846,1
2nd,fresh leaves,DP,2,64.46894126,21.14168063,2.143429595,17.67084313,0.874426832,2.790325394,5.930343865,30.44056509,4.943110467,44.76527527,4.92537725,8.538349415,102.3333467,1
2nd,fresh leaves,DP,1,69.74735819,24.18154874,1.712034242,17.95376045,0.847702094,2.891800178,6.397777693,31.90338959,5.080943172,44.84476663,4.993988457,8.449344645,104.5620104,2
2nd,fresh leaves,DP,2,64.77479117,23.07179495,1.566061563,18.19119272,0.834649832,2.912398125,6.980715751,32.57519011,5.059319699,45.24044089,5.040677456,8.496494788,106.3052368,2
2nd,fresh leaves,DP,1,69.07556754,18.07150067,1.57081534,18.22244881,0.728891561,2.813972324,6.391417056,32.53734436,5.405623342,49.7735001,4.993526783,9.378198715,111.2935827,3
2nd,fresh leaves,DP,2,68.76978546,18.58339473,1.552471517,18.31030792,0.742042099,2.949438791,6.980242676,34.1396622,5.62110095,50.57347542,5.249702273,9.425502582,114.9391249,3
2nd,fresh leaves,FS,1,92.01551482,17.68543866,4.372862961,16.36977666,0.633645499,1.313943095,0.302675294,15.09213181,4.876334248,37.64720712,3.883658311,6.722136217,69.8380861,1
2nd,fresh leaves,FS,2,83.59280971,18.783088,4.486634567,14.9139725,0.583560734,1.543163833,0.299637889,14.88541159,4.452712781,32.5922891,3.326971293,5.400040499,62.50022698,1
2nd,fresh leaves,FS,1,89.71175577,19.60765127,4.841015817,15.81225803,0.70223723,1.607058815,0.308260908,14.79709484,4.668585817,34.32713112,3.602123988,5.884189902,65.19444539,2
2nd,fresh leaves,FS,2,93.4960071,20.9600803,4.826472941,16.12065102,0.710845582,1.65192814,0.316943786,15.45661136,4.893032505,35.19526834,3.627265104,5.964338966,67.1053882,2
2nd,fresh leaves,FS,1,89.73021392,19.41947128,4.312317545,15.42158863,0.602990435,1.622956901,0.313374773,15.28330616,4.63841175,34.71778398,3.610158277,5.931093369,66.1170852,3
2nd,fresh leaves,FS,2,83.98210329,19.69531878,4.257935178,15.59998496,0.690332569,1.662082412,0.30549425,14.3523392,4.643954543,33.64010278,3.527348417,5.731618326,63.86293993,3
2nd,fresh leaves,T8,1,101.8411472,22.70043624,1.657720334,25.7,1.666644092,0.907079543,7.288966113,23.17006107,3.056323168,59.53606256,4.642436876,8.877492598,107.4784219,1
2nd,fresh leaves,T8,2,101.1105426,24.52665903,1.838098072,26.09,1.716321177,0.895786852,7.337449081,23.35489582,3.135943696,61.89860949,4.824918806,9.137585722,110.5851895,1
2nd,fresh leaves,T8,1,112.9201396,22.08563423,1.711900938,28.18,1.723804359,1.727888661,9.200245196,27.4752278,4.009484919,66.58993403,5.620465691,10.05353783,124.6767841,2
2nd,fresh leaves,T8,2,105.139436,21.9399871,1.523902543,28.01,1.695486036,1.335010841,8.718775502,26.08646724,3.420551705,65.79538157,5.215404067,9.694749613,120.2663405,2
2nd,fresh leaves,T8,1,100.6960756,23.05665062,1.362678436,27.49,1.620366452,0.969181095,7.970619005,22.920771,3.067484373,65.61414116,5.27505878,9.2512042,115.0684596,3
2nd,fresh leaves,T8,2,121.1229572,21.11617277,1.235445908,28.36,1.656218005,1.594632545,8.771938963,24.86750333,3.524243543,68.0092061,5.698171973,9.611043081,122.0767395,3
2nd,fresh leaves,T12,1,94.57147046,12.76638418,4.434786442,13.46821777,1.468366861,0,0.160887301,18.57910785,2.464849182,20.15571725,2.459119184,3.704584524,47.52426529,1
2nd,fresh leaves,T12,2,100.4243281,13.34175971,4.629271119,13.28087262,1.468966218,0,0.181131082,21.38575589,2.392811054,19.27605687,2.397840444,3.548658356,49.1822537,1
2nd,fresh leaves,T12,1,104.1039704,11.60512022,4.370211453,14.57695229,1.58010669,0,0.165368797,10.66309207,2.541946416,21.4547636,2.543749358,4.075867172,41.44478741,2
2nd,fresh leaves,T12,2,106.4378657,12.36910843,4.296290292,13.77088259,1.512905197,0,0.152165667,17.77814847,2.394562431,20.00657765,2.431951176,3.767964252,46.53136965,2
2nd,fresh leaves,T12,1,106.8615241,12.14763769,3.311257221,11.13081404,1.100171426,0,0.153964666,13.74872548,2.642799399,21.78473681,2.487424929,3.87799367,44.69564496,3
2nd,fresh leaves,T12,2,110.9696223,12.67545221,3.348787497,11.28784834,1.128422581,0,0.186908281,11.59190182,2.692011,22.50887429,2.543481593,4.016813962,43.53999095,3
2nd,fresh leaves,T17,1,93.71239669,13.81618568,1.256096463,20.54483338,1.160405562,2.039989965,6.291681382,25.29379252,5.800683952,42.25752373,4.676989969,8.965008118,95.32566964,1
2nd,fresh leaves,T17,2,85.10145914,12.98589437,1.210467869,19.57281951,1.05812531,2.057816301,6.009676934,23.77842198,5.59352072,40.6202364,3.635025574,8.598615863,90.29331377,1
2nd,fresh leaves,T17,1,93.90652339,15.91748866,1.619978091,21.41378178,1.524666241,1.892474066,6.200000519,28.19215563,5.436221541,40.82589368,4.885657791,9.35334177,96.78574499,2
2nd,fresh leaves,T17,2,82.40442588,16.17935058,1.558762343,18.84219934,1.336419735,1.238104545,4.823012654,17.96214861,4.572914181,35.68876869,3.230288927,8.143848747,75.65908636,2
2nd,fresh leaves,T17,1,103.5087927,15.57766008,1.540157841,21.03501004,1.064241551,1.701874692,6.212709227,28.53231494,5.319205051,45.27023663,4.853599722,9.091651679,100.9815919,3
2nd,fresh leaves,T17,2,98.42735208,14.54967649,1.504613233,19.45369472,0.953906977,1.407314472,5.364298797,20.27999414,4.920923593,42.01938855,3.523210374,8.387010075,85.90214,3
2nd,fresh leaves,T18,1,134.3643561,19.82862273,1.297966088,29.55165989,1.178460042,3.32690634,13.16713384,32.44280338,6.716741304,67.33515725,6.430000144,12.4785079,141.8972502,1
2nd,fresh leaves,T18,2,122.1438944,20.7784505,1.299407999,28.58160783,1.185633501,3.428066945,12.89334301,30.73533021,6.689443726,65.24453824,6.50940878,12.16604118,137.6661721,1
2nd,fresh leaves,T18,1,125.4703659,19.5534141,1.330511451,27.77745773,1.08720603,3.50621214,16.37294729,32.70156764,7.015690205,66.18065215,6.346710372,12.32153866,144.4453185,2
2nd,fresh leaves,T18,2,109.1725415,20.73619909,1.586546447,26.57926277,1.059612384,3.38327016,12.83786883,31.57561582,6.709874407,62.7319137,6.026418514,11.65771649,134.9226779,2
2nd,fresh leaves,T18,1,116.8756897,21.08739186,1.658306267,25.41902128,1.203591948,3.72591691,13.12123758,31.64792443,7.384274936,57.9694889,5.625586958,11.67573529,131.150165,3
2nd,fresh leaves,T18,2,113.8243622,22.10897491,1.100350818,25.73978038,1.186495045,3.648906946,13.05384936,31.39615929,7.271839416,58.90301313,5.627208812,11.71271849,131.6136954,3
2nd,fresh leaves,T20,1,132.1657482,12.83753925,1.048323219,11.85844056,0.746715077,1.848270443,5.864812621,31.19582443,5.033492292,28.3559154,3.051418458,4.482273652,79.83200729,1
2nd,fresh leaves,T20,2,118.4017653,11.83921012,0.928522092,10.12609276,0.637052897,1.611351245,5.053094986,21.61630323,3.996577687,22.89876479,1.794057089,3.842047737,60.81219676,1
2nd,fresh leaves,T20,1,81.98685602,11.69716886,0.82733103,12.62131431,0.618784001,1.672116005,6.580330827,35.2377496,5.253745708,31.60629896,3.28478075,4.98323575,88.6182576,2
2nd,fresh leaves,T20,2,73.42518937,12.57368961,0.892291307,12.24315366,0.583151049,1.640492694,6.513834362,30.56781162,4.976660063,30.38621442,2.550886209,4.915508791,81.55140816,2
2nd,fresh leaves,T20,1,83.18198969,16.01024053,1.122240329,13.3517333,0.579914213,1.720809462,7.34308795,34.96418787,5.252906173,33.64202216,3.495920152,5.232530585,91.65146434,3
2nd,fresh leaves,T20,2,84.90968004,15.5869921,1.171050112,11.43257884,0.484892073,1.156696707,5.9777695,25.72667747,4.724835066,28.54322575,2.48544798,4.745968671,73.36062114,3
2nd,black tea,DP,1,39.087787,9.296055254,1.310110347,16.02592702,2.202178804,0,8.860353779,7.65782158,0,10.34624568,0,4.393527457,31.25794849,1
2nd,black tea,DP,2,38.83491766,12.6096928,1.313927213,16.07417992,2.174862446,0,8.88332275,7.820278382,0,10.34367774,0,4.426704027,31.4739829,1
2nd,black tea,DP,1,37.3680912,13.44328614,1.247324048,15.70388324,2.133396211,0,8.631650419,7.829153872,0,10.28133495,0,4.374420663,31.11655991,2
2nd,black tea,DP,2,37.66036278,14.68032003,1.216255513,16.07558381,2.185661446,0,9.034157926,7.653415584,0,10.35233185,0,4.397161331,31.43706669,2
2nd,black tea,DP,1,35.08080467,14.65119959,1.197427389,15.4689775,2.13938486,0,8.826655419,7.623735507,0,10.29189772,0,4.303107723,31.04539637,3
2nd,black tea,DP,2,34.93380443,12.11593058,1.222799601,15.34835375,2.131128082,0,8.351579488,4.849174473,0,10.32412722,0,4.313559848,27.83844103,3
2nd,green tea,T8,1,106.1598968,26.58694437,2.34001734,27.76,0.557514869,1.741925714,9.203807165,26.12491075,4.266193926,70.32025929,0.85222,8.910470255,121.4197871,1
2nd,green tea,T8,2,106.5176811,26.40724205,2.143260961,27.69,0.54782797,1.70978483,9.02563447,28.68369016,4.246480382,70.24688404,0.85222,8.76535503,123.5300489,1
2nd,green tea,T8,1,131.9440476,26.72656211,2.468687591,28.03,0.546677369,1.768486639,9.259592282,29.12004411,4.325848798,71.64392025,0.853585737,9.056367027,126.0278448,2
2nd,green tea,T8,2,118.3667755,24.59562265,2.118759511,27.81,0.544487514,1.756939372,9.156606327,29.1173563,4.319244378,71.5935444,0.85222,9.039269471,125.8351802,2
2nd,green tea,T8,1,106.4500339,26.80655151,2.539833457,26.65,0.530430571,1.722483152,8.968560055,28.88017324,4.28240858,68.24757941,0.851538769,8.761383212,121.7141264,3
2nd,green tea,T8,2,117.4869897,24.01976855,2.004798416,27.2,0.529292226,1.756662704,9.148350674,29.05641179,4.265803366,69.98164093,0.852561024,8.871507243,123.9329377,3
2nd,black tea,T12,1,69.24272184,19.95734496,1.403067538,15.29767106,2.241852848,0.695312429,0.735197312,11.24737635,0,2.661512781,0,0.998482031,16.3378809,1
2nd,black tea,T12,2,71.70717672,19.75426809,1.450516916,15.48588404,2.273801616,0.742483262,0.736374099,11.22940212,0,2.684428307,0,1.055267376,16.44795516,1
2nd,black tea,T12,1,70.59535279,20.12817707,1.466339269,14.90680842,2.236811231,0.504079419,0.725271827,10.38307778,0,2.62839136,0,0.990629513,15.2314499,2
2nd,black tea,T12,2,74.13565284,19.92808969,1.458714041,14.94666445,2.247848247,0.447002127,0.734676247,7.438598571,0,2.614843319,0,1.056956479,12.29207674,2
2nd,black tea,T12,1,71.00154059,19.7726752,1.439366704,15.08633599,2.222405734,0.753693731,0.759612282,6.803144809,0,2.80921694,0,1.097955965,12.22362373,3
2nd,black tea,T12,2,71.8510777,19.89777507,1.43244757,15.47345276,2.301109501,0.742747137,0.767741016,14.09651051,0,2.840333936,0,1.16475594,19.61208854,3
2nd,black tea,T17,1,34.46667678,19.33306445,0.87079114,21.93336112,2.59326581,0,0,13.43999682,0,0,0,0,13.43999682,1
2nd,black tea,T17,2,33.63017762,15.38425189,0.89148176,21.36408226,2.553496176,0,0,10.50027847,0,0,0,0,10.50027847,1
2nd,black tea,T17,1,33.3888212,17.72274377,0.90954466,22.81136287,2.666408365,0,0,12.93391653,0,0,0,0,12.93391653,2
2nd,black tea,T17,2,30.98079002,16.66664282,0.892945459,21.59344927,2.588193516,0,0,15.89153142,0,0,0,0,15.89153142,2
2nd,black tea,T17,1,34.8633269,16.73249156,0.891880858,22.82284714,2.692604819,0,0,13.91232718,0,0,0,0,13.91232718,3
2nd,black tea,T17,2,32.62037649,16.60192602,0,21.56451047,2.572117757,0,0,7.639586888,0,0,0,0,7.639586888,3
2nd,green tea,T18,1,141.6621204,19.82421389,1.800543962,29.2164272,0.5224642,3.839254394,14.29878954,33.64635378,8.260773776,75.659528,0,13.97835945,149.6830589,1
2nd,green tea,T18,2,132.600992,20.41920666,1.668099476,29.57686391,0.532140849,3.817589272,14.52129715,38.05160319,8.308433755,76.23376364,0,13.99946903,154.932156,1
2nd,green tea,T18,1,131.5708167,24.29849679,2.587929607,27.56515395,0.479767427,3.88770248,13.87241335,37.11273987,8.212570498,70.75025205,0,12.87748682,146.7131651,2
2nd,green tea,T18,2,133.6575519,21.11813947,1.926402264,27.62408691,0.47987507,3.800808287,13.85064966,32.6714135,8.023446032,69.96511574,0,12.65430032,140.9657335,2
2nd,green tea,T18,1,134.6909105,21.09608108,2.381616003,28.35910749,0.510669375,3.879757886,13.90310226,33.17718414,8.375162781,72.83827174,0,13.37482921,145.548308,3
2nd,green tea,T18,2,134.4676335,22.36670946,2.03120651,28.52655864,0.515311275,3.862502847,14.00390924,37.063021,8.281279531,73.53536491,0,13.42390048,150.169978,3
2nd,black tea,T20,1,48.01902662,12.51648088,0.462914275,14.99613699,2.159552477,0,0,12.31930828,0,0,0,0,12.31930828,1
2nd,black tea,T20,2,45.28096086,12.41629414,0.469992328,14.85217998,2.141861574,0,0,14.92178809,0,0,0,0,14.92178809,1
2nd,black tea,T20,1,46.84199509,12.94202807,0.466575492,14.45775201,2.190622803,0,0,9.028265741,0,0,0,0,9.028265741,2
2nd,black tea,T20,2,50.65293172,11.64775185,0.447753791,13.53435819,2.047294662,0,0,17.86219195,0,0,0,0,17.86219195,2
2nd,black tea,T20,1,47.42387163,12.76676136,0.463221662,14.83990148,2.1335339,0,0,11.32114092,0,0,0,0,11.32114092,3
2nd,black tea,T20,2,49.75828684,12.53170726,0.445670431,14.03376563,2.061457818,0,0,15.05332052,0,0,0,0,15.05332052,3
3rd,fresh leaves,DP,1,77.41,9.33,4.33,13,0.57,1.12,6.74,22.68,4.6,30.47,2.91,5.04,73.56,1
3rd,fresh leaves,DP,2,54.62,9.92,4.3,13.1,0.59,1.38,7.02,23.22,5.09,30.19,3.09,5.06,75.04,1
3rd,fresh leaves,DP,1,80.75,6.91,5.01,13.95,0.63,1.1,6.58,24.2,4.58,31.75,2.91,5.17,76.29,2
3rd,fresh leaves,DP,2,80.61,9.4,5.16,13.91,0.63,1.03,6.51,23.69,4.47,29.22,2.67,4.76,72.35,2
3rd,fresh leaves,DP,1,55.74,8.25,3.67,11.88,0.5,1.04,6.51,22.4,4.46,28.13,2.66,4.59,69.79,3
3rd,fresh leaves,DP,2,57.71,7.94,3.73,11.82,0.49,1,6.41,22.26,4.39,28.53,2.73,4.7,70.02,3
3rd,fresh leaves,FS,1,80.95,21.85,21.18,17.32,1.49,2.34,6.35,20.15,4.89,27.89,2.89,7.42,71.94,1
3rd,fresh leaves,FS,2,76.79,22.42,18.5,16.8,1.48,2.27,6.11,28.17,5.07,27.47,2.76,7.47,79.32,1
3rd,fresh leaves,FS,1,83.8,27.3,18.25,19.45,1.75,2.01,5.7,24.39,4.01,28.45,2.61,7.96,75.14,2
3rd,fresh leaves,FS,2,82.21,26.96,20.16,19.1,1.72,2.08,5.85,24.82,4.07,27.34,2.55,7.58,74.29,2
3rd,fresh leaves,FS,1,84.25,22.19,19.61,21.06,1.76,2.4,6.31,28.98,4.85,29.59,3.16,8.46,83.76,3
3rd,fresh leaves,FS,2,82.7,24.71,20.16,20.88,1.75,2.3,6.2,29.22,5.09,29.47,3.07,8.44,83.77,3
3rd,fresh leaves,T8,1,96.41,22.48,21.58,17.21,0.97,1.51,9.84,26.23,3.54,45.8,3.51,7.92,98.34,1
3rd,fresh leaves,T8,2,94.79,23.83,19.45,17.11,0.99,1.53,9.82,25.59,3.48,44.7,3.36,7.68,96.15,1
3rd,fresh leaves,T8,1,101.93,20.58,20.52,18.1,0.94,1.61,10.03,25.47,3.66,50.4,3.65,8.28,103.1,2
3rd,fresh leaves,T8,2,102.86,19.85,23.65,18.04,0.95,1.64,10,25.36,3.64,51.09,3.78,8.45,103.96,2
3rd,fresh leaves,T8,1,116.25,16.1,19.29,17.68,0.78,1.65,12.36,32.93,4.83,54.54,4.09,9.33,119.73,3
3rd,fresh leaves,T8,2,114.13,20.76,16.42,17.46,0.78,1.74,12.29,32.81,4.73,53.29,3.9,8.25,117.01,3
3rd,fresh leaves,T12,1,76.99,23.23,14.02,16.78,0.71,0.99,7.12,20.82,4.76,29.48,3.13,5.48,71.77,1
3rd,fresh leaves,T12,2,71.05,22.9,14.17,16.27,0.73,1.14,7.21,20.15,5,29.29,3.34,5.59,71.72,1
3rd,fresh leaves,T12,1,56.16,21.8,12.9,16.26,0.73,1.01,6.57,19.04,4.53,28.27,2.94,5.34,67.7,2
3rd,fresh leaves,T12,2,68.03,21.24,12.75,16.18,0.74,1.05,6.67,18.58,4.63,28.34,2.95,5.4,67.62,2
3rd,fresh leaves,T12,1,71.42,24.43,12.57,15.27,0.67,1.03,6.75,19.21,4.55,27.8,2.97,5.06,67.36,3
3rd,fresh leaves,T12,2,66.53,23.66,12.94,15.27,0.67,1.05,6.86,19.51,4.81,28.26,3.04,3.26,66.79,3
3rd,fresh leaves,T17,1,89.2,10.74,10.45,17.36,1.01,2.02,8.07,25.5,5.51,34.77,3.44,7.99,87.3,1
3rd,fresh leaves,T17,2,94.14,13.61,5.2,17.61,1.03,2.01,8.19,35.01,5.53,35.73,3.61,8.28,98.36,1
3rd,fresh leaves,T17,1,90.3,14.85,9.89,17.99,1,1.73,8.02,22.25,4.84,33.46,3.39,8.2,81.9,2
3rd,fresh leaves,T17,2,87.44,13.18,12.62,17.88,0.96,1.94,8.16,23.51,5.34,32.59,3.46,7.87,82.86,2
3rd,fresh leaves,T17,1,102.73,10.66,6.91,19.67,0.89,2.16,8.88,27.46,6.13,40.75,3.97,9.18,98.52,3
3rd,fresh leaves,T17,2,98.88,10.56,9.4,19.18,0.89,2.14,8.79,26.77,6,39.52,3.95,9.01,96.19,3
3rd,fresh leaves,T18,1,235.96,27.33,20.37,23.41,1,0.1,14.47,26.6,6,51.39,5.82,10.87,115.25,1
3rd,fresh leaves,T18,2,226.95,26.54,20.02,22.75,1.01,0.09,14.48,25.64,5.45,50.61,5.84,10.8,112.91,1
3rd,fresh leaves,T18,1,237.28,24.7,17.66,22.35,0.89,0.09,14.27,26.13,5.72,52.28,6.06,11.34,115.89,2
3rd,fresh leaves,T18,2,228.25,24.09,18.53,22,0.88,0.09,14.08,25.66,5.67,51.22,5.91,10.82,113.45,2
3rd,fresh leaves,T18,1,228.28,20.58,14.61,21.43,0.83,0.11,14.77,26.37,6.68,51.23,6.12,11.16,116.43,3
3rd,fresh leaves,T18,2,208.42,20.7,14.71,19.39,0.75,0.09,13.07,22.84,5.75,43.47,4.78,9.66,99.67,3
3rd,fresh leaves,T20,1,83.69,12.45,8.93,13.81,0.6,1.33,8.1,28,5.63,32.53,3.05,5.8,84.45,1
3rd,fresh leaves,T20,2,86.45,13.06,10.05,13.93,0.6,1.33,7.97,28.15,5.57,32.79,3.06,5.8,84.67,1
3rd,fresh leaves,T20,1,68.99,11.76,6.26,12.51,0.61,1.38,7.3,24.38,5.43,27.42,2.68,5.36,73.95,2
3rd,fresh leaves,T20,2,84.86,12.54,9.38,13.31,0.64,1.28,7.65,26.72,5.47,30.66,2.93,5.78,80.49,2
3rd,fresh leaves,T20,1,82.9,15.99,12.44,13.67,0.51,1.03,8.27,27.44,5.52,30.76,2.99,5.31,81.31,3
3rd,fresh leaves,T20,2,84.83,15.55,11.44,13.61,0.51,1,8.24,27.44,5.53,30.74,2.99,5.36,81.29,3
3rd,black tea,DP,1,34.92,8.76,1.85,13.83,2.09,0,0.63,0,0,0,0,0,0.63,1
3rd,black tea,DP,2,33.77,8.65,1.8,13.7,2.09,0,0.63,0,0,0,0,0,0.63,1
3rd,black tea,DP,1,35.11,8.43,1.79,13.75,2.05,0,0.62,0,0,0,0,0,0.62,2
3rd,black tea,DP,2,31.57,8.18,1.87,13.36,2.05,0,0.61,0,0,0,0,0,0.61,2
3rd,black tea,DP,1,36.02,8.9,1.88,13.76,2.05,0,0.63,0,0,0,0,0,0.63,3
3rd,black tea,DP,2,34.75,8.56,1.87,13.69,2.08,0,0.63,0,0,0,0,0,0.63,3
3rd,black tea,FS,1,37.83,25.16,9.42,15.92,2.18,0,0.95,0,0,0,0,0,0.95,1
3rd,black tea,FS,2,38.01,24.67,9.37,15.94,2.18,0,0.92,0,0,0,0,0,0.92,1
3rd,black tea,FS,1,39.76,26.8,10.9,16.7,2.28,0,1,0,0,0,0,0,1,2
3rd,black tea,FS,2,36.46,26.62,9.59,16.05,2.25,0,0.98,0,0,0,0,0,0.98,2
3rd,black tea,FS,1,39.9,25.72,10.81,17.02,2.29,0,1.07,0,0,0,0,0,1.07,3
3rd,black tea,FS,2,38.28,26.61,10.68,16.63,2.3,0,1,0,0,0,0,0,1,3
3rd,green tea,T8,1,57.54,31.82,25.18,19.71,3.31,0.03,0.61,30.96,4.53,61.11,5.61,9.16,112.01,1
3rd,green tea,T8,2,53.66,35.05,25.4,18.91,3.21,0.01,0.58,28.47,4.06,59.12,5.26,8.85,106.36,1
3rd,green tea,T8,1,57.63,32.66,27.2,20.77,3.57,0.01,0.6,30.41,4.26,64.01,5.15,9.26,113.7,2
3rd,green tea,T8,2,49.32,30.47,24.97,19.47,3.41,0.01,0.55,27.21,3.89,56.38,4.15,8.4,100.58,2
3rd,green tea,T8,1,59.96,32.2,25.85,21.07,3.52,0.02,0.62,31.91,4.56,66.94,5.59,9.82,119.46,3
3rd,green tea,T8,2,59.01,32.2,25.92,20.85,3.52,0.02,0.62,31.84,4.54,67.08,5.55,9.84,119.49,3
3rd,black tea,T12,1,29.25,26.24,3.12,16.82,2.13,0,13.55,0,0,0,0,0,13.55,1
3rd,black tea,T12,2,30.7,26.25,3.22,17.14,2.17,0,13.73,0,0,0,0,0,13.73,1
3rd,black tea,T12,1,30.41,29.73,3.75,17.05,2.04,0,13.82,0,0,0,0,0,13.82,2
3rd,black tea,T12,2,31.02,25.99,3.8,16.83,2.03,0,13.79,0,0,0,0,0,13.79,2
3rd,black tea,T12,1,30.81,26.01,3.26,17.38,2.26,0,14.04,0,0,0,0,0,14.04,3
3rd,black tea,T12,2,32.31,25.79,3.27,17.65,2.26,0,14.22,0,0,0,0,0,14.22,3
3rd,black tea,T17,1,47.33,18.11,4.39,21,2.49,0,20.72,0,0,0,0,0,20.72,1
3rd,black tea,T17,2,46.34,16.77,4.32,21.05,2.5,0,20.51,0,0,0,0,0,20.51,1
3rd,black tea,T17,1,45.2,15.56,4.39,20.68,2.47,0,18.8,0,0,0,0,0,18.8,2
3rd,black tea,T17,2,45.99,17.13,4.41,20.93,2.48,0,20.66,0,0,0,0,0,20.66,2
3rd,black tea,T17,1,44.4,14.7,4.37,20.71,2.5,0,20.44,0,0,0,0,0,20.44,3
3rd,black tea,T17,2,46.3,16.23,4.27,20.92,2.48,0,20.41,0,0,0,0,0,20.41,3
3rd,black tea,T18,1,60.25,29.45,14.27,24.66,3.14,0,18.88,0,0,0,0,0,18.88,1
3rd,black tea,T18,2,58.29,30.41,14.01,24.15,3.12,0,18.69,0,0,0,0,0,18.69,1
3rd,black tea,T18,1,57.65,29.98,13.74,24.06,3.16,0,18.72,0,0,0,0,0,18.72,2
3rd,black tea,T18,2,58.85,31.02,13.88,24.09,3.11,0,17.8,0,0,0,0,0,17.8,2
3rd,black tea,T18,1,56.86,29.96,13.96,23.66,3.14,0,12.62,0,0,0,0,0,12.62,3
3rd,black tea,T18,2,58.74,29.49,13.96,23.91,3.12,0,19.09,0,0,0,0,0,19.09,3
3rd,black tea,T20,1,38.72,17.58,3.28,15.38,1.88,0,12.81,0,0,0,0,0,12.81,1
3rd,black tea,T20,2,35.74,18.01,3.17,15,1.9,0,11.81,0,0,0,0,0,11.81,1
3rd,black tea,T20,1,36.54,17.06,3.3,15.06,1.93,0,12.61,0,0,0,0,0,12.61,2
3rd,black tea,T20,2,37.45,17.12,3.17,15.33,1.93,0,12.42,0,0,0,0,0,12.42,2
3rd,black tea,T20,1,37.23,15.67,3.32,15.4,1.94,0,12.47,0,0,0,0,0,12.47,3
3rd,black tea,T20,2,36.42,16.9,3.14,15.04,1.89,0,12.43,0,0,0,0,0,12.43,3
4th,fresh leaves,FS,1,75.70184732,24.92748177,13.39962615,14.96634006,0.987885255,8.11E-02,5.176420698,12.78782406,4.61600674,29.49554495,2.694861889,7.18704705,62.03877296,1
4th,fresh leaves,FS,2,78.43336518,24.51577177,13.47138118,14.79132285,1.002174114,8.11E-02,5.247485419,13.00686452,4.59836575,29.22797657,2.943465034,7.071547805,62.1768051,1
4th,fresh leaves,FS,1,65.36107194,25.05848475,13.21594218,13.33330502,0.759271553,8.10E-02,5.371218789,12.82035763,4.171870236,28.0874841,2.831072126,6.361522066,59.72456012,2
4th,fresh leaves,FS,2,71.10248883,25.07197845,14.27351526,13.36918758,0.764006488,8.10E-02,5.670639047,13.26733688,4.628265273,27.62204853,2.84336794,6.108420951,60.22108142,2
4th,fresh leaves,FS,1,78.64406235,26.35620479,13.78765582,14.1083044,0.633083511,8.09E-02,5.773470852,13.97585475,4.368522948,31.02924639,3.092452501,6.724421491,65.04490705,3
4th,fresh leaves,FS,2,75.00027083,25.83656582,13.83670653,13.86053139,0.618372761,8.12E-02,5.599417429,13.63635626,4.380336094,30.03262512,2.932983259,6.556511471,63.21939457,3
4th,fresh leaves,T8,1,112.0847443,22.06429369,9.376158253,21.9587959,1.067094298,1.96E-02,9.478526543,25.69747582,3.397941988,65.66563202,5.516648364,10.61080239,120.3866482,1
4th,fresh leaves,T8,2,113.5443165,22.49404118,9.560975386,21.43476674,1.072594246,2.40E-02,9.627589706,25.81485315,3.510873301,63.40265179,5.703471794,10.13146221,118.2149381,1
4th,fresh leaves,T8,1,89.75016898,29.13155892,11.86052283,17.0077925,1.068076984,2.04E-02,8.234893779,22.38818625,3.087346371,48.36566194,5.900125764,8.056253952,96.05284292,2
4th,fresh leaves,T8,2,94.16413077,28.74303665,12.36931658,17.36732933,1.085683926,2.13E-02,8.518905468,22.74186818,3.083970728,50.3990949,6.200308321,8.483387918,99.44884589,2
4th,fresh leaves,T8,1,112.1507234,30.56041005,12.97610973,21.06400588,0.982382309,1.84E-02,9.316963304,24.44768941,3.357422459,62.93194091,5.428247438,9.772008734,115.2726954,3
4th,fresh leaves,T8,2,110.3325536,30.25421639,13.13763626,20.97267471,1.007599636,1.79E-02,9.303459758,24.31021869,3.276568928,61.58000973,5.571578215,9.688448587,113.7481398,3
4th,fresh leaves,T12,1,60.93500081,21.52261733,9.04838267,14.35648398,0.853119672,8.11E-02,9.845419938,14.75376406,3.517352298,22.59520945,2.48884252,4.404965073,57.68665334,1
4th,fresh leaves,T12,2,64.93412559,21.93200223,8.857126393,14.29614871,0.83605998,8.11E-02,9.864248626,14.91093314,3.772270651,23.20176722,2.737061152,4.61442029,59.18176865,1
4th,fresh leaves,T12,1,59.50917568,22.66906415,9.330409027,13.65018987,0.722760106,8.11E-02,5.620073595,13.75134789,3.108144499,21.61061346,2.4409824,4.445630886,51.05789273,2
4th,fresh leaves,T12,2,63.48889869,22.92528563,9.100831225,14.0230134,0.741893487,8.12E-02,5.783111612,14.12772448,3.117635447,21.6697743,2.438262618,4.392474385,51.61014777,2
4th,fresh leaves,T12,1,68.25620035,23.84923813,11.224499,16.11634538,0.765961632,8.12E-02,6.033445275,15.76278706,4.174058852,25.6665714,3.145615036,5.191518155,60.05516071,3
4th,fresh leaves,T12,2,67.78678849,11.66752303,10.84530654,16.28174889,0.786343954,8.11E-02,6.177742605,15.97651504,4.242109274,25.92792432,3.187891429,5.235753433,60.82906856,3
4th,fresh leaves,T18,1,120.8197872,23.24865833,9.258714397,26.90901972,1.35030024,6.43E-02,13.82445131,20.66327585,5.009459301,63.84939424,7.485123204,14.83782714,125.7338324,1
4th,fresh leaves,T18,2,119.9749122,23.13313512,9.556903737,26.48274422,1.328946563,6.39E-02,13.38453662,19.99597179,4.875911659,60.41235684,6.994268652,14.3730161,120.0999398,1
4th,fresh leaves,T18,1,124.5601199,22.6170912,9.957500299,27.49558166,1.270841841,6.82E-02,14.14431807,21.46963483,5.198764796,64.61480063,7.619478335,14.89274707,128.0079329,2
4th,fresh leaves,T18,2,108.4674025,20.97813219,9.539535775,27.02161897,1.21382995,6.35E-02,13.81640958,21.03651306,5.059796217,62.98192591,7.311427838,14.86400111,125.133536,2
4th,fresh leaves,T18,1,127.4498576,21.42745766,9.306723971,26.61282127,1.222414148,6.54E-02,14.00445524,21.24624953,5.074181635,64.38373332,7.224576126,14.82464364,126.8232532,3
4th,fresh leaves,T18,2,125.5863844,22.44388155,9.564297201,26.63283471,1.225914776,6.77E-02,14.29243003,21.58042733,5.023116467,64.73746084,7.375689013,14.85831223,127.9351422,3
4th,black tea,FS,1,33.75790706,20.20281121,6.237833466,8.58848944,1.148864742,0,0,0,0,0,0,0,0,1
4th,black tea,NA,2,34.09677636,20.54865132,6.556148648,8.956519061,1.173881913,0,0,0,0,0,0,0,0,1
4th,black tea,FS,1,34.33768797,21.13113147,6.343960999,8.979572329,1.190711004,0,0,0,0,0,0,0,0,2
4th,black tea,NA,2,33.66249527,20.85224302,6.316019831,8.942951165,1.19466003,0,0,0,0,0,0,0,0,2
4th,black tea,FS,1,35.28445885,20.32250467,6.218172556,8.929288769,1.184795073,0,0,0,0,0,0,0,0,3
4th,black tea,NA,2,37.1486975,20.01144472,6.216500892,8.929517191,1.169526579,0,0,0,0,0,0,0,0,3
4th,black tea,T8,1,51.79373454,30.6175178,8.892048752,11.20163551,1.818079369,0,0,0,0,0,0,0,0,1
4th,black tea,NA,2,52.37401168,31.49146063,8.612468339,11.2012228,1.802854924,0,0,0,0,0,0,0,0,1
4th,black tea,T8,1,52.09536952,31.11212522,9.826525123,11.3337928,1.841334896,0,0,0,0,0,0,0,0,2
4th,black tea,NA,2,52.99691428,29.80580171,9.519602183,11.50587237,1.85169767,0,0,0,0,0,0,0,0,2
4th,black tea,T8,1,46.85309688,30.59008171,9.316817608,11.12732093,1.804606401,0,0,0,0,0,0,0,0,3
4th,black tea,NA,2,45.38994249,28.97052087,9.079925875,10.29911789,1.679360314,0,0,0,0,0,0,0,0,3
4th,black tea,T12,1,28.61208248,23.4065315,7.394047388,7.427625256,0.945759637,0,0,0,0,0,0,0,0,1
4th,black tea,NA,2,25.91086666,23.35298921,7.331223191,7.479919848,0.962734118,0,0,0,0,0,0,0,0,1
4th,black tea,T12,1,25.95736995,22.94993275,7.346314084,7.368120856,0.958671375,0,0,0,0,0,0,0,0,2
4th,black tea,NA,2,26.28859883,23.09683406,8.214097942,7.359452571,0.944436009,0,0,0,0,0,0,0,0,2
4th,black tea,T12,1,25.93304034,19.74359624,5.653645106,7.873655072,0.975136901,0,0,0,0,0,0,0,0,3
4th,black tea,NA,2,26.86796643,19.50899959,5.665392118,7.945904872,0.988375689,0,0,0,0,0,0,0,0,3
4th,black tea,T18,1,69.08847845,28.17821703,12.61636682,14.37759629,1.887528192,0,0,0,0,0,0,3.705666779,3.705666779,1
4th,black tea,NA,2,67.68223134,27.84616325,12.0499229,14.53695662,2.030838159,0,0,0,0,0,0,3.755454184,3.755454184,1
4th,black tea,T18,1,65.68770513,28.18814284,12.52492492,13.96320357,1.835087614,0,0,0,0,0,0,3.701988905,3.701988905,2
4th,black tea,NA,2,65.90332228,29.94426763,12.43534576,13.86048336,1.796907277,0,0,0,0,0,0,3.671247657,3.671247657,2
4th,black tea,T18,1,62.96895531,29.09308542,12.08073769,13.55852109,1.794880589,0,0,0,0,0,0,3.631594463,3.631594463,3
4th,black tea,NA,2,65.18358485,28.60811969,11.38847755,13.7931486,1.814773933,0,0,0,0,0,0,3.708710135,3.708710135,3
5th,fresh leaves,DP,1,84.79757618,12.1606115,3.546785835,14.48269848,1.006078413,0.707972146,10.39685836,19.72465067,3.733205327,38.74166037,3.485386912,7.458409227,84.24814301,1
5th,fresh leaves,DP,2,85.49284631,10.72926451,3.581434569,14.6256829,1.002819389,0.713145056,10.4236451,19.90868821,3.752176213,40.4244946,3.683184794,7.845317044,86.75065101,1
5th,fresh leaves,DP,1,83.25961082,8.363412032,2.731577867,13.14086302,0.909354474,0.79470942,9.351222527,18.95939212,3.896971556,39.69995225,3.779057791,7.835167464,84.31647313,2
5th,fresh leaves,DP,2,83.23284728,10.15234311,2.797391357,13.22864318,0.914850831,0.796500403,9.50232845,19.23281134,3.943004728,40.43750476,3.879115428,7.969065415,85.76033052,2
5th,fresh leaves,DP,1,80.94517502,11.5484079,3.410415987,14.19022722,0.804875631,0.710396115,10.39323512,19.15956504,3.661151994,39.21793238,3.750765008,7.482931571,84.37597722,3
5th,fresh leaves,DP,2,78.71076592,10.7372438,3.393125688,14.05247314,0.802796336,0.741507492,10.37947881,19.15676356,3.570821217,36.49030425,3.475426391,6.918625937,80.73292766,3
5th,fresh leaves,T8,1,108.7638171,15.87587301,5.863937105,22.47490041,1.368638521,0.80455806,7.818879075,14.22198666,2.291966961,57.1606846,4.72772246,9.231021692,96.25681951,1
5th,fresh leaves,T8,2,110.9487343,11.0243139,5.765492821,22.41362969,1.360598836,0.808198102,7.888407754,14.31830353,2.227597352,59.43469679,5.028754507,9.865982708,99.57194074,1
5th,fresh leaves,T8,1,91.97150983,17.27947532,5.410933002,21.15341849,1.54022498,0.816240608,7.592236133,17.95240785,2.278951378,56.79775869,4.882977397,9.490782211,99.81135427,2
5th,fresh leaves,T8,2,108.5626409,15.58847313,5.331799524,20.99289935,1.536965296,0.828765309,7.623923522,18.23294065,2.156623552,52.37919853,4.355186127,8.369120419,93.94575811,2
5th,fresh leaves,T8,1,113.2310678,17.56474058,4.834275305,22.53310479,1.117276709,0.929134241,8.134284253,16.44793727,2.576176332,60.40998139,4.974130607,9.508633048,102.9802771,3
5th,fresh leaves,T8,2,116.5123142,15.03953473,4.988521084,22.73248016,1.134909738,0.910735872,8.242564657,16.50099426,2.540345256,62.18802778,5.153741437,9.959673939,105.4960832,3
5th,fresh leaves,T12,1,72.67023849,15.73829031,5.442630148,13.32092813,0.835945654,0.289812721,6.343882952,19.82483525,4.267596023,27.37168995,3.230599942,6.248675288,67.57709213,1
5th,fresh leaves,T12,2,67.1583572,15.93363891,5.439897367,11.66779563,0.724342898,0.291997139,5.402832531,16.99834974,3.68137607,23.21710714,2.590910088,5.431809242,57.61438195,1
5th,fresh leaves,T12,1,73.08559063,12.39714269,5.346148736,14.26999332,0.851072976,0.292097947,6.209910433,20.37684005,4.012982851,29.51998829,3.185857172,6.50812182,70.10579856,2
5th,fresh leaves,T12,2,75.1488661,16.65188773,5.258913453,13.73103045,0.790549015,0.291007879,6.038329588,19.4460029,4.027871259,28.21790721,3.221432538,6.265702038,67.50825341,2
5th,fresh leaves,T12,1,68.83025141,14.88336865,4.422974379,12.38263224,0.872629166,0.295465709,4.827612499,15.41662187,3.344196759,25.20186233,2.872020184,5.935839037,57.89361838,3
5th,fresh leaves,T12,2,75.70204055,13.75684923,4.465549337,13.39125907,0.942810559,0.293886939,5.223610408,17.08554178,3.698372992,27.79008573,3.066182376,6.408825863,63.56650609,3
5th,fresh leaves,T18,1,135.4656057,15.01541605,8.719552461,28.37576286,1.768683742,2.218699238,13.8047445,20.07077237,5.59796873,64.21219853,7.245632906,14.21737787,127.3673941,1
5th,fresh leaves,T18,2,129.8536543,15.54246151,8.597628268,28.08016113,1.76627789,2.182983766,13.56247271,19.76577631,5.469204608,60.41454133,6.766496865,13.19331967,121.3547953,1
5th,fresh leaves,T18,1,131.7279623,11.34212279,9.370296746,27.11248102,1.609036031,2.11685223,13.60742297,19.3260609,5.158109448,59.74235452,6.666535124,12.5776282,119.1949634,2
5th,fresh leaves,T18,2,132.5964067,13.35822846,9.256760064,27.39094603,1.612062853,2.163386711,13.64333792,19.57079084,5.316619265,63.66256458,7.203390893,13.74304887,125.3031391,2
5th,fresh leaves,T18,1,138.6241382,11.16187925,7.854206759,27.80400002,1.39295519,2.191997587,13.00856065,20.64712202,5.354923393,67.59019759,7.07214221,14.33830749,130.2032509,3
5th,fresh leaves,T18,2,141.2264254,13.38516946,7.97685884,28.64017622,1.474681385,2.311683405,13.72696403,21.76464957,5.519063473,66.54326046,6.918869431,13.52833768,130.312828,3
5th,black tea,T12,1,31.67218264,15.33905861,3.144231973,6.608313661,1.061324527,ND,ND,ND,ND,ND,ND,ND,0,1
5th,black tea,T12,2,33.71187891,14.44681377,3.176769366,6.660743536,1.04268804,ND,ND,ND,ND,ND,ND,ND,0,1
5th,black tea,T12,1,33.36703524,13.50974411,3.087938455,6.719849092,1.039357989,ND,ND,ND,ND,ND,ND,ND,0,2
5th,black tea,T12,2,32.77961219,15.23449905,3.076440816,6.932139533,1.083762127,ND,ND,ND,ND,ND,ND,ND,0,2
5th,black tea,T12,1,30.37693222,9.834082207,2.362096504,6.380919524,1.045941227,ND,ND,ND,ND,ND,ND,ND,0,3
5th,black tea,T12,2,31.71783977,12.12023329,2.354513234,6.370478383,1.038671028,ND,ND,ND,ND,ND,ND,ND,0,3
5th,black tea,DP,1,35.82411861,10.9193811,2.318802665,8.109874668,1.065016965,ND,ND,ND,ND,ND,ND,ND,0,1
5th,black tea,DP,2,33.35051066,11.64848659,2.346364451,8.028825256,1.060276316,ND,ND,ND,ND,ND,ND,ND,0,1
5th,black tea,DP,1,33.87920382,10.80581211,2.388645434,7.870034572,1.067638529,ND,ND,ND,ND,ND,ND,ND,0,2
5th,black tea,DP,2,34.60686055,10.65972536,2.355721567,8.180600012,1.083857058,ND,ND,ND,ND,ND,ND,ND,0,2
5th,black tea,DP,1,34.25322574,13.16347672,2.29230943,8.005435737,1.056685072,ND,ND,ND,ND,ND,ND,ND,0,3
5th,black tea,DP,2,35.42350388,10.15342012,2.318437444,7.854393264,1.017318175,ND,ND,ND,ND,ND,ND,ND,0,3
5th,black tea,T8,1,63.21284218,20.90257025,4.961195514,13.52276079,2.062492692,ND,ND,ND,ND,ND,ND,ND,0,1
5th,black tea,T8,2,62.35475278,18.6637629,4.993176651,12.63111569,1.925584152,ND,ND,ND,ND,ND,ND,ND,0,1
5th,black tea,T8,1,65.31357403,21.14827687,5.166399562,13.55901326,2.084958039,ND,ND,ND,ND,ND,ND,ND,0,2
5th,black tea,T8,2,64.14455021,19.4973984,5.056479212,13.28251871,2.029612192,ND,ND,ND,ND,ND,ND,ND,0,2
5th,black tea,T8,1,73.16634534,18.9217088,4.233220099,14.08398132,2.297235342,ND,ND,ND,ND,ND,ND,ND,0,3
5th,black tea,T8,2,71.36399236,20.592889,4.349697761,14.00430338,2.312070447,ND,ND,ND,ND,ND,ND,ND,0,3
5th,green tea,T18,1,163.1839051,15.46689994,5.739120368,17.16862066,0.405523499,0.864507388,5.977748108,9.691979771,2.429578583,33.42429499,3.494383621,8.723792745,64.60628521,1
5th,green tea,T18,2,158.3147968,17.70739473,5.780052377,18.44842557,0.485985233,1.014306262,7.176132609,11.74612338,3.264837974,35.86581439,3.645419005,9.072288984,71.7849226,1
5th,green tea,T18,1,162.3494865,11.4840544,6.645260576,18.25023765,0.437559257,1.307568671,7.762700039,13.01430621,3.391763936,37.2656237,3.796455937,9.48701364,76.02543213,2
5th,green tea,T18,2,148.3640275,15.02691663,6.897178648,16.98308984,0.403185074,1.004906832,6.696559918,10.99331125,3.084024704,34.03938268,3.346676254,8.750052774,67.91491442,2
5th,green tea,T18,1,154.4358377,16.79812716,5.910339016,18.44679867,0.482233117,1.282533878,7.792913182,14.26056875,3.274294555,38.19916239,4.053508664,10.02518849,78.88816991,3
5th,green tea,T18,2,159.1669427,14.68144574,5.891978025,17.95050122,0.463523324,1.00375948,6.939915548,11.64440458,3.274830955,38.3592612,3.873882364,9.901573272,74.99762741,3
6th,fresh leaves,DP,1,81.5594135,10.87247986,3.547742255,17.09971391,0.894820627,0.291393619,6.541878754,24.22616416,4.730061514,33.18977311,3.470484585,6.928754597,79.37851034,1
6th,fresh leaves,DP,2,82.34306646,8.632143405,3.471400571,16.86975,0.897686752,0.291323247,6.619967193,24.06118902,4.650059029,33.72641886,3.654783991,7.03296998,80.03671132,1
6th,fresh leaves,DP,1,77.62962848,9.424508766,4.191371759,16.04688888,0.848150361,0.29171187,6.818793291,22.36037145,5.174931025,31.47408964,3.21354186,6.698219709,76.03165884,2
6th,fresh leaves,DP,2,79.91502428,7.136558286,4.137179567,15.9550721,0.830710515,0.290141239,6.527185072,21.83019534,4.618762865,32.58085609,3.134035298,6.790723581,75.77189948,2
6th,fresh leaves,DP,1,78.76849869,8.364843488,3.600779047,16.72280759,0.864757511,0.292115089,6.251955997,22.41076107,4.246134029,32.34458466,3.351041689,6.869548408,75.76614094,3
6th,fresh leaves,DP,2,79.33743129,7.792810192,3.543217625,16.85859236,0.86440401,0.292283472,7.086074799,22.63387526,4.280787174,32.95451664,3.549718309,7.033782275,77.83103793,3
6th,fresh leaves,T8,1,107.6991594,12.91489232,9.108659727,26.23605897,1.295644635,0.30213005,8.238338318,18.36089246,2.77267269,53.18865453,4.661620778,10.42012027,97.9444291,1
6th,fresh leaves,T8,2,110.7144348,13.57790945,9.151507585,27.07487497,1.334910076,0.301066469,8.531389445,18.98915561,2.957611297,54.01117409,4.783857723,10.47668814,100.0509428,1
6th,fresh leaves,T8,1,108.7847874,16.12966615,9.614859355,26.57873562,1.57266244,0.303119138,8.660717704,17.46840682,2.586317471,51.73926066,4.841999143,9.912675851,95.51249678,2
6th,fresh leaves,T8,2,111.6535272,16.1509922,9.452956918,26.88281896,1.440773064,0.299826976,8.731897967,18.22623484,2.62992612,52.48904667,5.015002945,10.27063623,97.66257175,2
6th,fresh leaves,T8,1,110.9393343,14.87295165,9.827206162,28.3216293,1.444606371,0.301014357,8.754504646,18.77553456,2.932669271,56.10978506,4.95840355,10.76955213,102.6014636,3
6th,fresh leaves,T8,2,108.7281951,13.0215649,9.581836735,27.85943089,1.437397702,0.295466735,8.885985236,19.40895993,3.020375716,54.61605377,5.03217538,10.48592037,101.7449371,3
6th,fresh leaves,T12,1,76.29746264,10.70627938,2.929518698,12.72753424,0.771069351,0.287826524,6.324036957,23.79288041,3.813287216,30.42395085,3.121920258,6.216229034,73.98013125,1
6th,fresh leaves,T12,2,79.76708429,9.992066597,2.909523623,12.9760208,0.784367606,0.28589899,6.601811108,24.79207796,4.126795733,31.73088676,3.334509485,6.434916205,77.30689624,1
6th,fresh leaves,T12,1,76.5211155,8.720360615,2.576587259,12.72855918,0.53307789,0.28533347,6.871478795,24.45063775,4.166261422,29.35852833,2.970887481,5.898556104,74.00168335,2
6th,fresh leaves,T12,2,76.45318182,7.59050601,2.79105811,12.25084841,0.711890232,0.287395283,6.18456196,23.05501087,4.012332213,29.51636029,2.977214139,5.996956311,72.02983106,2
6th,fresh leaves,T12,1,88.1675307,8.453572004,2.683377753,12.59962773,0.694927461,0.284782513,7.242285371,27.1896317,3.016615383,33.74906422,3.048962537,6.787570207,81.31891193,3
6th,fresh leaves,T12,2,84.18079336,8.697469015,2.756433086,12.66278594,0.721947973,0.284570774,7.41043422,27.22703634,4.924233245,31.87947513,3.233719655,6.428077043,81.3875464,3
6th,fresh leaves,T17,1,189.0785861,10.32397199,3.674310988,17.82512215,1.219046124,0.281304855,8.099220566,33.57915073,6.396498815,37.13666276,4.14020648,9.91156576,99.54460997,1
6th,fresh leaves,T17,2,197.2638877,7.102248558,3.735107493,17.35688593,1.149343821,0.282782787,6.885093382,25.13932075,5.837511465,38.39818662,4.02992998,10.26960683,90.84243182,1
6th,fresh leaves,T17,1,207.4511248,8.389991023,6.091869233,20.08062091,1.132725049,0.280357135,9.68159664,29.23171988,7.250000686,40.19424175,4.118473616,10.42766319,101.1840529,2
6th,fresh leaves,T17,2,222.6732255,9.746384888,6.264754346,20.53214701,1.146008933,0.280151066,10.02966622,30.39728761,7.515610104,43.92233372,4.747402149,11.39361041,108.2860613,2
6th,fresh leaves,T17,1,186.7099674,10.63161995,5.474460367,20.72186059,1.311551748,0.280837905,8.153999309,32.71297778,6.174252747,36.97261471,3.977762089,9.870655539,98.14310008,3
6th,fresh leaves,T17,2,196.192874,11.30627045,5.702425889,21.04822509,1.296597031,0.281787886,7.182044479,25.36497349,5.832412226,38.61133453,3.832030685,10.34600746,91.45059076,3
6th,black tea,DP,1,40.66287021,7.330088667,2.114692079,16.96197413,3.04424201,0,0,0,0,0,0,3.608418112,3.608418112,1
6th,black tea,DP,2,44.1376523,7.055934039,2.150072924,18.13849218,2.780537344,0,0,0,0,0,0,3.874122953,3.874122953,1
6th,black tea,DP,1,44.4311392,8.035573294,2.429215566,19.25751443,2.622642661,0,0,0,0,0,0,3.693237418,3.693237418,2
6th,black tea,DP,2,43.7096385,9.687998278,2.352513329,19.11286018,2.613013451,0,0,0,0,0,0,3.643304629,3.643304629,2
6th,black tea,DP,1,44.79550983,6.95990729,2.263566142,21.08587267,2.619372669,0,0,0,0,0,0,3.844979912,3.844979912,3
6th,black tea,DP,2,44.77569666,8.964306333,2.225466295,19.97659393,2.568450591,0,0,0,0,0,0,3.729690836,3.729690836,3
6th,black tea,T8,1,68.99391109,12.40539964,1.311388396,30.36153074,3.805964347,0,0,0,1.244785742,13.96339759,4.226303946,5.035328707,28.27578033,1
6th,black tea,T8,2,66.50970003,15.91500924,1.246705421,29.27924201,3.749039113,0,0,0,0.680279919,12.64126585,3.583507863,4.670446123,25.32453887,1
6th,black tea,T8,1,67.10081696,11.06977588,1.333024603,30.11539259,3.754917786,0,0,0,1.159183517,13.70147265,3.951746637,4.920481166,27.48780176,2
6th,black tea,T8,2,67.13789005,15.29162835,1.299618032,29.38031104,3.815489216,0,0,0,0.66745998,12.7947264,3.671866193,4.725787933,25.67532972,2
6th,black tea,T8,1,64.4530207,9.898034165,1.084770417,28.48697808,3.696859744,0,0,0,0.650509776,12.86143058,3.64767075,4.810467884,25.66693873,3
6th,black tea,T8,2,65.56690293,11.74975564,1.098396186,28.65882222,3.720553717,0,0,0,0.676135783,12.78366792,3.583487906,4.738036469,25.50188179,3
6th,black tea,T12,1,45.4462567,5.461226469,5.908329019,12.90427754,2.259463062,0,0,0,0.998049535,11.46151028,0,0,14.71902288,1
6th,black tea,T12,2,43.3242651,5.140091982,5.574605774,12.65355893,2.209262822,0,0,0,0.928342486,11.18823074,0,0,14.32583605,1
6th,black tea,T12,1,40.75594277,6.173423174,5.849620408,12.70555937,2.027775004,0,0,0,0.913874152,11.10069613,0,0,14.04234528,2
6th,black tea,T12,2,40.18985025,7.820696,5.896361811,12.62009602,1.990841178,0,0,0,0.734453743,11.17617015,0,0,13.90146507,2
6th,black tea,T12,1,43.212471,7.30215046,5.072106203,13.13457411,2.164447756,0,0,0,1.028074027,11.25472502,0,0,14.4472468,3
6th,black tea,T12,2,42.42195815,6.908830912,5.12384873,13.04021906,2.154686214,0,0,0,0.946451507,11.23854653,0,0,14.33968425,3
6th,black tea,T17,1,100.5097825,9.568515724,5.836899959,18.88363977,2.154182119,0,0,0,0,12.00643563,0,4.685490966,18.84610871,1
6th,black tea,T17,2,98.93184847,10.44639034,5.647735782,18.68196706,2.172575654,0,0,0,0,12.00287567,0,4.668116814,18.84356814,1
6th,black tea,T17,1,92.60575006,12.31396489,5.625704365,18.41655178,2.047094519,0,0,0,0,11.80614397,0,4.660918706,18.5141572,2
6th,black tea,T17,2,92.12561015,9.912682293,5.69959643,18.45890135,2.007895066,0,0,0,0,11.86603904,0,4.647121162,18.52105526,2
6th,black tea,T17,1,94.77290985,12.54789365,5.528461754,19.89119386,2.132181649,0,0,0,0,12.58655533,0,4.9930953,19.71183227,3
6th,black tea,T17,2,96.76394234,12.1247843,5.518106961,19.32869701,2.101669333,0,0,0,0,11.74461189,0,4.681103145,18.52738437,3
