month,DAY,date,MEAN.TEMP,HIGH,TIME,LOW,TIME.1,HEAT.DEG.DAYS,COOL.DEG.DAYS,RAIN,SPEED,HIGH.1,TIME.2,DIR
2019January,1,2019-January-1,20.4,25.5,2:00p,16.9,7:30a,0.3,2.4,0,0,1.8,11:00p,E
2019January,2,2019-January-2,20.2,23.8,2:00p,17.9,6:30a,0,1.9,0.5,0,3.1,6:00p,N
2019January,3,2019-January-3,21.3,27.7,2:30p,16.9,7:00a,0.2,3.2,0.3,0.2,3.6,4:30p,N
2019January,4,2019-January-4,21.7,26.7,4:00p,16.9,6:30a,0.2,3.5,0,0,3.6,12:30p,N
2019January,5,2019-January-5,23.9,30.8,1:30p,17.8,7:00a,0,5.6,0,0.1,2.2,2:30a,W
2019January,6,2019-January-6,23.1,29.6,2:30p,18.9,6:30a,0,4.8,0,0.1,4,4:30p,E
2019January,7,2019-January-7,22.5,29.4,12:30p,17.2,7:00a,0.1,4.3,0,0.1,4,4:00p,SW
2019January,8,2019-January-8,22.9,30.1,2:30p,18.1,7:30a,0,4.6,0,0.3,4.9,3:30p,N
2019January,9,2019-January-9,23.1,30.6,2:30p,17.7,7:30a,0,4.8,0,0.2,4.9,3:30p,ESE
2019January,10,2019-January-10,23.2,29.8,1:30p,18,7:30a,0,4.9,0,0.1,4,2:30p,ESE
2019January,11,2019-January-11,24.2,30.8,3:30p,18.8,7:30a,0,5.9,0,0.2,3.6,12:00p,E
2019January,12,2019-January-12,23.9,31.2,2:00p,18.8,6:30a,0,5.7,0,0.2,4,2:30p,E
2019January,13,2019-January-13,23.1,29.4,12:30p,19.4,7:30a,0,4.7,0,0.2,4.5,3:00p,E
2019January,14,2019-January-14,22.3,29.1,1:00p,17.5,8:00a,0,4.1,0,0.1,4.5,3:30p,ESE
2019January,15,2019-January-15,22.1,28.1,1:30p,18.7,6:30a,0,3.8,1.3,0.2,3.6,3:00p,ESE
2019January,16,2019-January-16,20.1,23.7,3:00p,18.2,9:30a,0,1.7,1.5,0.1,3.6,6:30p,N
2019January,17,2019-January-17,19.2,23.4,2:00p,15.7,11:30p,0.4,1.3,0,0.3,3.6,11:30a,N
2019January,18,2019-January-18,19.4,26,2:00p,14.6,8:00a,1,2.2,0,0.2,5.4,3:00p,N
2019January,19,2019-January-19,20.7,26.2,1:00p,17.9,6:30a,0,2.4,0.8,0.1,4,4:30p,W
2019January,20,2019-January-20,21.2,26.3,4:30p,18.3,12:30a,0,2.9,2,0.2,4,9:00a,N
2019January,21,2019-January-21,18.4,22.3,4:00p,15.5,12:00m,0.7,0.9,0,0.3,4.9,6:00p,N
2019January,22,2019-January-22,17.5,22.9,2:30p,14.9,6:30a,1.7,1,0,0.3,4,3:30p,N
2019January,23,2019-January-23,17.7,24.2,2:00p,11.4,7:30a,2.2,1.6,0,0,3.1,3:00p,N
2019January,24,2019-January-24,19.2,27.1,2:30p,12.3,7:00a,1.7,2.6,0,0.1,3.1,12:00p,W
2019January,25,2019-January-25,19.7,28.3,2:30p,13.1,7:00a,1.5,2.9,0,0.2,4.9,2:30p,E
2019January,26,2019-January-26,18.5,24.7,1:00p,13.4,7:30a,1.5,1.7,0,0.1,3.1,7:30p,N
2019January,27,2019-January-27,18.1,24.8,2:30p,14.2,11:30p,1.8,1.5,0,0.1,4.5,4:30p,W
2019January,28,2019-January-28,19.1,27.1,2:30p,13,7:00a,1.7,2.4,0,0.2,4,5:00p,ESE
2019January,29,2019-January-29,20.2,27.2,2:00p,15.3,7:30a,0.9,2.8,0,0.2,5.8,3:00p,E
2019January,30,2019-January-30,20.8,29.2,2:00p,13.8,7:00a,1.2,3.7,0,0.4,5.8,10:30a,E
2019January,31,2019-January-31,23.6,30.5,4:00p,17.6,1:00a,0,5.3,0,0.5,5.8,3:00p,E
2019February,1,2019-February-1,20.4,25.4,12:00p,16.4,5:00a,0.3,2.4,0,0.1,3.6,3:30p,N
2019February,2,2019-February-2,21.3,29.6,4:00p,15.7,7:30a,0.5,3.6,0,0.2,4.9,4:00p,E
2019February,3,2019-February-3,23.1,31.6,1:30p,15.9,7:00a,0.4,5.2,0,0.4,6.3,2:00p,WSW
2019February,4,2019-February-4,23,27.9,12:30p,18.9,7:30a,0,4.7,1.8,0.2,3.6,1:30p,E
2019February,5,2019-February-5,21.8,27.2,2:00p,18.3,10:00a,0,3.5,7.1,0.3,4.5,3:00p,N
2019February,6,2019-February-6,22.2,29.6,2:00p,15.8,8:00a,0.3,4.2,0,0.3,4.5,3:30p,W
2019February,7,2019-February-7,23.4,31.6,4:30p,17.7,7:30a,0,5.1,0,0.4,6.7,1:00p,N
2019February,8,2019-February-8,21.9,29.2,1:30p,15.1,7:30a,0.4,4,0,0.3,4.5,5:00a,WSW
2019February,9,2019-February-9,22.3,30.8,2:30p,15.5,5:30a,0.6,4.5,0,0.3,6.3,3:30p,N
2019February,10,2019-February-10,22.7,30.2,3:00p,17.5,7:30a,0.1,4.5,0,0.3,6.3,4:30p,N
2019February,11,2019-February-11,22.9,29.9,1:30p,18.3,7:00a,0,4.6,0,0.3,6.7,4:30p,W
2019February,12,2019-February-12,22.1,30.1,2:00p,16.3,7:00a,0.3,4.1,0,0.2,5.8,4:30p,WSW
2019February,13,2019-February-13,23.9,30.9,1:00p,17.9,5:00a,0,5.6,0,0.4,5.8,3:30p,E
2019February,14,2019-February-14,24.2,30.3,2:30p,18.7,7:30a,0,5.9,0,0.3,4.5,2:30p,N
2019February,15,2019-February-15,22.7,29.5,12:30p,16.6,7:30a,0.1,4.6,0,0.3,4.9,4:00p,WSW
2019February,16,2019-February-16,22.9,30.3,1:30p,17.7,4:00a,0,4.7,0,0.3,4,3:30p,N
2019February,17,2019-February-17,22.2,29,12:00p,17.1,7:30a,0.1,4,0,0.4,4.9,5:00p,N
2019February,18,2019-February-18,24.3,31.5,4:00p,19.1,5:00a,0,6,0,0.6,8,5:00p,WSW
2019February,19,2019-February-19,25.9,33.1,3:00p,19.2,7:00a,0,7.7,0,0.2,5.4,4:30p,E
2019February,20,2019-February-20,25.1,31.1,12:30p,19.6,7:00a,0,6.8,0,0.4,5.8,3:00p,WSW
2019February,21,2019-February-21,24.1,29.7,12:00p,19.2,6:30a,0,5.8,0,0.3,4.9,5:00p,WSW
2019February,22,2019-February-22,23.3,31.4,2:30p,18.3,8:00a,0,5,0,0.4,4.9,3:30p,N
2019February,23,2019-February-23,21.3,26.9,11:30a,17.2,4:00a,0.2,3.2,0,0.2,4.5,1:00p,N
2019February,24,2019-February-24,20.8,25.3,2:00p,17.7,5:00a,0,2.5,0,0.3,4.9,5:30p,N
2019February,25,2019-February-25,20.1,26.7,5:30p,17.8,5:30a,0,1.4,2.5,0.1,4.5,6:30p,N
2019February,26,2019-February-26,22.5,29.4,2:00p,16.7,7:30a,0.2,4.4,0,0.3,4.5,12:30p,N
2019February,27,2019-February-27,22.2,30.6,1:00p,16.3,6:30a,0.2,2.4,0,0.2,3.6,2:00p,N
2019February,28,2019-February-28,NA,NA,NA,NA,NA,NA,NA,NA,NA,NA,NA,
2019March,1,2019-March-1,23.4,28.2,NA,19.3,NA,NA,NA,0,0.9,5.5,NA,
2019March,2,2019-March-2,22.8,28.7,NA,17.3,NA,NA,NA,0,1,7.4,NA,
2019March,3,2019-March-3,22.6,28.6,NA,17.6,NA,NA,NA,0,1,7.5,NA,
2019March,4,2019-March-4,22.1,27.8,NA,15.8,NA,NA,NA,0,0.9,6.9,NA,
2019March,5,2019-March-5,25.2,31.6,NA,18,NA,NA,NA,0,0.9,8.3,NA,
2019March,6,2019-March-6,24.8,30.3,NA,20.6,NA,NA,NA,1.5,1.2,7.1,NA,
2019March,7,2019-March-7,20.5,23.9,NA,18.1,NA,NA,NA,1.5,1,5,NA,
2019March,8,2019-March-8,19.2,24.8,NA,16.8,NA,NA,NA,0.5,0.9,6.8,NA,
2019March,9,2019-March-9,22.8,28.8,NA,18.4,NA,NA,NA,19.5,1.1,7,NA,
2019March,10,2019-March-10,22.6,27.8,NA,19.4,NA,NA,NA,19,1.4,10.7,NA,
2019March,11,2019-March-11,20.4,24.1,NA,18.5,NA,NA,NA,9,0.8,5.7,NA,
2019March,12,2019-March-12,21.8,27.7,NA,17.5,NA,NA,NA,0,0.7,6.3,NA,
2019March,13,2019-March-13,22.6,28.6,NA,18.6,NA,NA,NA,0,0.8,5.8,NA,
2019March,14,2019-March-14,22.7,29.3,NA,17.7,NA,NA,NA,0,1.1,7.5,NA,
2019March,15,2019-March-15,22.2,27.4,NA,19,NA,NA,NA,0,0.9,6,NA,
2019March,16,2019-March-16,23.1,28.4,NA,19.7,NA,NA,NA,0,0.8,5.7,NA,
2019March,17,2019-March-17,23.7,29.2,NA,17.7,NA,NA,NA,0,0.8,5.7,NA,
2019March,18,2019-March-18,24.1,30.3,NA,18,NA,NA,NA,0,1.1,6.3,NA,
2019March,19,2019-March-19,24.5,31.6,NA,19.1,NA,NA,NA,0,0.8,7.1,NA,
2019March,20,2019-March-20,24.5,30.8,NA,19.7,NA,NA,NA,0,0.9,7.9,NA,
2019March,21,2019-March-21,25.2,32.9,NA,19,NA,NA,NA,0,1,6,NA,
2019March,22,2019-March-22,25.3,32.8,NA,17.6,NA,NA,NA,0,1.2,7.5,NA,
2019March,23,2019-March-23,21.7,24.2,NA,18.7,NA,NA,NA,1,1,3.8,NA,
2019March,24,2019-March-24,20,22.2,NA,17.9,NA,NA,NA,0.5,0.6,4.5,NA,
2019March,25,2019-March-25,22.9,29.4,NA,16.4,NA,NA,NA,0,1,6.3,NA,
2019March,26,2019-March-26,23.4,29.3,NA,17.5,NA,NA,NA,0,0.6,5.9,NA,
2019March,27,2019-March-27,24.8,30.5,NA,19.5,NA,NA,NA,0,0.8,6.6,NA,
2019March,28,2019-March-28,25.3,30.7,NA,20.3,NA,NA,NA,0,0.9,5.6,NA,
2019March,29,2019-March-29,25.9,30.8,NA,21.1,NA,NA,NA,0,1.1,7.7,NA,
2019March,30,2019-March-30,25.2,29.5,NA,21.8,NA,NA,NA,0,1,7.1,NA,
2019March,31,2019-March-31,24.9,30.6,NA,20.6,NA,NA,NA,0,1,7.6,NA,
2019April,1,2019-April-1,23.1,28.8,1:30p,18.9,6:30a,0,4.5,0,0.1,4,9:00a,N
2019April,2,2019-April-2,23.7,29,5:00p,19.7,7:00a,0,5.3,0,0.2,4.9,6:30p,ESE
2019April,3,2019-April-3,25.3,31.8,2:00p,19.7,7:30a,0,7,0,0.4,5.4,3:30p,NW
2019April,4,2019-April-4,24.8,30.3,2:30p,20.2,7:00a,0,6.6,0,0.2,4.5,4:00p,W
2019April,5,2019-April-5,26.2,32.4,1:00p,21.7,7:00a,0,7.8,0,0.5,6.7,4:00p,NNW
2019April,6,2019-April-6,25.4,31.3,4:00p,20.8,4:00a,0,7.1,0,0.2,4,3:00p,W
2019April,7,2019-April-7,25.9,33,2:30p,19.8,7:30a,0,7.6,0,0.4,5.4,4:00p,E
2019April,8,2019-April-8,26.1,32.9,1:30p,20.7,6:00a,0,7.8,0,0.3,4.5,2:00p,W
2019April,9,2019-April-9,26.8,34.3,1:00p,20.1,6:30a,0,8.5,0,0.4,5.4,2:00p,E
2019April,10,2019-April-10,27.5,35.5,5:00p,20.4,6:30a,0,9.2,0,0.3,4,2:00p,E
2019April,11,2019-April-11,27.2,34.4,2:30p,20.6,7:00a,0,8.9,0,0.4,5.4,4:00p,W
2019April,12,2019-April-12,25,30.8,12:30p,21.1,7:00a,0,6.7,0,0.4,4.5,4:30p,N
2019April,13,2019-April-13,25.6,30.7,4:30p,21.6,7:00a,0,7.3,0,0.3,4,2:00p,E
2019April,14,2019-April-14,27.2,32.9,4:00p,21.6,7:00a,0,8.9,0,0.3,4.9,5:30p,SE
2019April,15,2019-April-15,25.6,30.1,3:00p,23,6:00a,0,7.3,0,0.2,6.3,4:00p,SW
2019April,16,2019-April-16,23.2,25,4:30p,20.8,11:00a,0,4.9,23.4,0.4,5.4,10:30a,N
2019April,17,2019-April-17,25.2,32.8,2:30p,21,6:00a,0,6.9,0,0.4,5.8,5:00p,SW
2019April,18,2019-April-18,26.7,33.3,3:00p,21.1,7:00a,0,8.4,0,0.3,4.5,1:30p,WSW
2019April,19,2019-April-19,24.4,32.1,1:30p,21.1,5:30p,0,6.1,45.7,0.6,8.5,5:30p,E
2019April,20,2019-April-20,26.6,33.3,3:30p,21.3,5:00a,0,8.3,0.3,0.3,5.4,10:00a,E
2019April,21,2019-April-21,25.9,32.7,4:00p,23.5,9:00p,0,7.6,7.1,0.3,4,9:00p,N
2019April,22,2019-April-22,27.4,32.8,1:00p,22.4,5:30a,0,9.1,0.3,0.2,3.1,5:30p,W
2019April,23,2019-April-23,28.3,34.4,1:30p,23,5:00a,0,10,0,0.4,3.6,12:00p,N
2019April,24,2019-April-24,28.1,34.5,2:30p,22.3,7:00a,0,9.8,0,0.3,4.9,1:30p,NW
2019April,25,2019-April-25,27.7,35,3:00p,20.9,7:00a,0,9.4,0,0.4,5.8,4:30p,E
2019April,26,2019-April-26,27.4,34.8,1:00p,21.6,5:30a,0,9.1,0,0.3,4.9,2:00p,E
2019April,27,2019-April-27,27.1,32.7,3:00p,23.2,6:30a,0,8.8,0,0.2,4,5:00p,SE
2019April,28,2019-April-28,27.8,34.3,2:30p,23.3,6:00a,0,9.5,0,0.3,4.9,3:30p,E
2019April,29,2019-April-29,28.5,35.3,2:30p,22.9,4:00a,0,10.2,0,0.3,5.4,4:30p,WSW
2019April,30,2019-April-30,28.5,34.8,2:00p,23.2,7:00a,0,10.2,0,0.4,4.9,10:30a,W
2019May,1,2019-May-1,24.7,28.7,11:00a,22.1,4:30a,0,6.4,66,0.3,5.8,7:00a,E
2019May,2,2019-May-2,23.7,28.5,1:30p,21.1,10:00p,0,5.4,7.9,0.1,3.6,4:30p,N
2019May,3,2019-May-3,23.4,27.6,12:00p,21.2,12:30a,0,5.2,0.8,0,4,3:30p,N
2019May,4,2019-May-4,22.8,25.9,2:00p,21.2,5:00a,0,4.5,11.9,0.1,3.6,11:00a,N
2019May,5,2019-May-5,24,30.1,12:30p,20.3,7:00a,0,5.7,5.6,0.2,4,4:00p,E
2019May,6,2019-May-6,22.5,23.9,11:30a,21.6,11:30p,0,4.2,64.5,0.1,4,1:30p,N
2019May,7,2019-May-7,23.1,27.6,12:00p,21.3,5:00a,0,4.8,23.6,0.1,4.9,3:30p,E
2019May,8,2019-May-8,24.2,30.1,2:00p,20.8,3:30a,0,5.9,1.3,0.2,4.9,4:00p,N
2019May,9,2019-May-9,25.9,32.1,4:30p,22.2,6:00a,0,7.6,1.8,0.2,4,7:30p,E
2019May,10,2019-May-10,26,30.1,3:00p,23.9,6:00a,0,7.7,0.5,0.1,4,3:30p,SE
2019May,11,2019-May-11,27.4,34.2,1:00p,22.8,6:30a,0,9.1,0,0.3,5.8,5:30p,SE
2019May,12,2019-May-12,28,34.7,2:30p,22.9,7:00a,0,9.7,0,0.3,4,5:00p,SE
2019May,13,2019-May-13,28.6,36.6,2:00p,23.1,6:30a,0,10.2,0,0.2,4.9,3:30p,W
2019May,14,2019-May-14,29.3,36.2,3:00p,23.2,6:00a,0,11,0,0.3,4,4:00p,N
2019May,15,2019-May-15,27.7,31.8,5:00p,24.6,6:00a,0,9.4,19.6,0.1,2.7,11:00a,N
2019May,16,2019-May-16,27.6,32.7,3:00p,24.1,6:30a,0,9.2,2.8,0.4,8.5,3:00p,N
2019May,17,2019-May-17,27.9,32.5,2:30p,25.2,5:00a,0,9.6,1.5,0.3,4,4:30p,E
2019May,18,2019-May-18,27.6,31.3,4:00p,25.1,6:30a,0,9.3,14,0.4,4.5,12:30p,SE
2019May,19,2019-May-19,28,32.4,11:30a,25.1,4:00a,0,9.7,0.5,0.2,4,5:30p,N
2019May,20,2019-May-20,25.8,31.3,12:00p,22.1,6:00p,0,7.5,83.6,0.3,11.2,5:00p,E
2019May,21,2019-May-21,24.2,27.1,12:00p,22.8,12:30a,0,5.9,9.7,0,2.7,1:00p,SW
2019May,22,2019-May-22,25.7,32.3,3:00p,22.9,6:00a,0,7.4,0,0.1,3.6,4:30p,SW
2019May,23,2019-May-23,25.9,30.8,1:00p,23.2,5:00a,0,7.6,8.6,0.2,3.1,3:30p,N
2019May,24,2019-May-24,24.9,31.2,12:00p,22,12:00m,0,6.6,56.4,0.4,8,4:00p,N
2019May,25,2019-May-25,25.9,33.1,1:30p,21.2,6:00a,0,7.6,4.3,0.4,6.3,3:30p,N
2019May,26,2019-May-26,28.1,35.7,4:30p,22.9,6:00a,0,9.8,0,0.1,3.1,4:30p,E
2019May,27,2019-May-27,27.3,31.5,11:00a,24.7,6:00a,0,9,0.3,0.1,4.5,11:30a,N
2019May,28,2019-May-28,27.6,32.8,1:00p,24.3,6:30a,0,9.3,7.6,0.2,5.8,3:00p,N
2019May,29,2019-May-29,26.1,31.2,11:30a,24.1,12:00m,0,7.8,31.8,0.3,7.6,4:00p,E
2019May,30,2019-May-30,26.7,32.3,12:30p,23.4,7:00a,0,8.4,9.4,0.3,4.5,3:30p,SE
2019May,31,2019-May-31,26.8,33.9,12:30p,23.2,6:30a,0,8.5,44.5,0.2,6.3,5:30p,N
2019June,1,2019-June-1,28.2,34.4,4:00p,23.9,1:30a,0,9.9,1,0.3,5.4,4:30p,WSW
2019June,2,2019-June-2,28.9,35.1,4:30p,24.7,2:00a,0,10.6,0.3,0.2,4.5,2:00p,E
2019June,3,2019-June-3,29.5,35.9,4:30p,23.4,6:30a,0,11.2,0,0.3,4.5,2:00p,E
2019June,4,2019-June-4,25.8,30.8,10:30a,23.7,11:30p,0,7.6,8.4,0.1,4,4:00p,N
2019June,5,2019-June-5,28.3,35.3,3:30p,23.1,6:00a,0,10.1,0,0.2,6.7,5:30p,SE
2019June,6,2019-June-6,30.4,36.9,2:00p,24.1,6:30a,0,12.1,0,0.4,5.4,3:34p,WSW
2019June,7,2019-June-7,30.2,36.1,3:00p,24.6,6:00a,0,11.9,0,0.3,4,11:30a,WSW
2019June,8,2019-June-8,29.7,35.8,2:00p,24.5,6:00a,0,11.4,0,0.3,4.9,3:00p,NNW
2019June,9,2019-June-9,29.1,34.9,11:00a,24.2,7:00a,0,10.8,0.8,0.3,4.9,12:00p,N
2019June,10,2019-June-10,27.9,36.5,1:30p,24.2,6:30p,0,9.6,42.7,0.2,5.8,4:30p,E
2019June,11,2019-June-11,25.7,30.7,4:30p,24.2,12:00p,0,7.4,51.1,0.4,7.2,12:00p,E
2019June,12,2019-June-12,26.5,31.1,2:30p,24.4,6:00a,0,8.2,40.9,0.1,4,5:00p,E
2019June,13,2019-June-13,28,33.4,11:30a,25.1,11:30p,0,9.7,37.3,0.4,7.6,2:00p,SE
2019June,14,2019-June-14,26.9,32.1,3:30p,24.8,1:30a,0,8.7,87.9,0.6,6.3,1:00a,E
2019June,15,2019-June-15,28.5,34.6,2:00p,24.4,6:30a,0,10.2,0,0.2,4.9,3:30p,E
2019June,16,2019-June-16,28.2,34,4:00p,24.2,6:30a,0,9.9,4.8,0.2,4.9,4:30p,N
2019June,17,2019-June-17,29.9,36.7,1:00p,24.9,5:30a,0,11.7,0,0.4,5.8,3:30p,WSW
2019June,18,2019-June-18,30.7,37,3:30p,25.2,5:30a,0,12.4,0,0.1,4,4:00p,SE
2019June,19,2019-June-19,30.7,36.2,1:00p,25.1,5:30a,0,12.4,0,0.3,4.9,3:30p,NNW
2019June,20,2019-June-20,30,35.7,2:00p,24.8,6:00a,0,11.7,0,0.4,4.5,2:30p,N
2019June,21,2019-June-21,29.9,35.8,5:00p,24.1,5:00a,0,11.7,0,0.5,5.4,2:00p,NW
2019June,22,2019-June-22,30.1,36.3,2:30p,25.1,5:00a,0,11.8,0,0.4,4.9,1:00p,ENE
2019June,23,2019-June-23,27.5,32.4,12:30p,24.9,7:30p,0,9.2,11.7,0.3,6.7,7:00p,N
2019June,24,2019-June-24,26.6,30.6,1:00p,24.3,5:30a,0,4.5,0,0,2.2,1:00p,N
2019June,25,2019-June-25,NA,NA,,NA,,NA,NA,NA,NA,NA,,
2019June,26,2019-June-26,NA,NA,,NA,,NA,NA,NA,NA,NA,,
2019June,27,2019-June-27,NA,NA,,NA,,NA,NA,NA,NA,NA,,
2019June,28,2019-June-28,NA,NA,,NA,,NA,NA,NA,NA,NA,,
2019June,29,2019-June-29,NA,NA,,NA,,NA,NA,NA,NA,NA,,
2019June,30,2019-June-30,NA,NA,,NA,,NA,NA,NA,NA,NA,,
2019July,1,2019-July-1,30.4,35.5,11,26.7,6,NA,NA,0,2.9,5.4,17,SSW
2019July,2,2019-July-2,27.5,33,13,25.4,21,NA,NA,96,4.3,9.6,21,WNW
2019July,3,2019-July-3,27.5,34.1,14,24.8,20,NA,NA,80,4.6,11.6,15,SW
2019July,4,2019-July-4,28.6,35.1,12,25.2,5,NA,NA,6.5,2.9,5.1,15,WSW
2019July,5,2019-July-5,28.3,33,11,25.9,8,NA,NA,17,2.4,3.8,8,S
2019July,6,2019-July-6,27.9,33.3,12,25.3,4,NA,NA,9,3.1,5.5,15,NNW
2019July,7,2019-July-7,28.1,34.7,13,24.9,18,NA,NA,34.5,2.9,4.5,18,NE
2019July,8,2019-July-8,27.5,31.6,17,25.8,4,NA,NA,22,2,2.8,2,NNE
2019July,9,2019-July-9,27.5,31.8,12,25.7,13,NA,NA,51,4.1,7.1,13,SSW
2019July,10,2019-July-10,27.7,33.6,12,25.5,24,NA,NA,101,3.8,6.9,24,N
2019July,11,2019-July-11,26.5,31.2,16,25.3,11,NA,NA,53,2.4,3.9,18,S
2019July,12,2019-July-12,29.7,35.6,17,24.8,6,NA,NA,0,2.3,4.8,17,WNW
2019July,13,2019-July-13,31.3,38.4,15,26.4,6,NA,NA,1,2.8,5.4,17,NNW
2019July,14,2019-July-14,31.4,37.8,15,25.5,6,NA,NA,0,3,5.6,14,NNW
2019July,15,2019-July-15,30.8,39.3,14,26.3,6,NA,NA,23.5,3,4.9,12,NE
2019July,16,2019-July-16,31.4,38.1,12,27.7,24,NA,NA,0,2.5,4.8,17,SW
2019July,17,2019-July-17,31.6,38.4,13,26.7,4,NA,NA,0,2.7,4.2,18,SSW
2019July,18,2019-July-18,29.9,35.9,8,27.4,21,NA,NA,15.5,3.2,5.6,12,SSW
2019July,19,2019-July-19,27.3,30.7,11,24.7,19,NA,NA,60.5,3.3,5.9,10,NNE
2019July,20,2019-July-20,26.6,29.4,14,25.3,5,NA,NA,34,2.9,5,24,SSW
2019July,21,2019-July-21,27.9,33.9,16,25.4,4,NA,NA,54,2.8,4.8,24,SSE
2019July,22,2019-July-22,29.1,36.2,16,25.9,5,NA,NA,0,2.7,6.1,16,SSW
2019July,23,2019-July-23,29.5,36.6,12,24.7,5,NA,NA,1.5,2.5,5.3,14,SW
2019July,24,2019-July-24,30.9,38.6,13,25.3,6,NA,NA,0,2.3,5.6,15,W
2019July,25,2019-July-25,30.8,38.8,13,26.1,6,NA,NA,0,2.5,4.1,14,NNW
2019July,26,2019-July-26,30.8,39.6,13,26.5,5,NA,NA,0,2.9,4.5,12,ENE
2019July,27,2019-July-27,29,35.4,18,25.7,14,NA,NA,62,3.2,4.7,13,S
2019July,28,2019-July-28,29.3,37.2,13,26.3,24,NA,NA,0.5,2.8,4.9,10,NE
2019July,29,2019-July-29,31,39.4,14,26.1,6,NA,NA,1,3.3,5.8,17,NNE
2019July,30,2019-July-30,31,39.3,12,26.1,6,NA,NA,0,2.1,3.1,19,NE
2019July,31,2019-July-31,31.3,39.3,12,25.6,5,NA,NA,0,2.6,4.2,15,N
2019August,1,2019-August-1,NA,NA,,NA,,NA,,NA,NA,NA,,
2019August,2,2019-August-2,NA,NA,,NA,,NA,,NA,NA,NA,,
2019August,3,2019-August-3,NA,NA,,NA,,NA,,NA,NA,NA,,
2019August,4,2019-August-4,NA,NA,,NA,,NA,,NA,NA,NA,,
2019August,5,2019-August-5,NA,NA,,NA,,NA,,NA,NA,NA,,
2019August,6,2019-August-6,NA,NA,,NA,,NA,,NA,NA,NA,,
2019August,7,2019-August-7,NA,NA,,NA,,NA,,NA,NA,NA,,
2019August,8,2019-August-8,NA,NA,,NA,,NA,,NA,NA,NA,,
2019August,9,2019-August-9,NA,NA,,NA,,NA,,NA,NA,NA,,
2019August,10,2019-August-10,29.2,30.4,3:00p,28.2,12:00m,0,9.1,7.9,0.8,8,1:00p,WSW
2019August,11,2019-August-11,28.6,31.7,3:00p,26.9,9:00a,0,10.3,50.3,0.2,4.9,8:00a,W
2019August,12,2019-August-12,27.7,34.3,3:00p,25.4,9:00a,0,9.4,27.7,0.1,3.6,5:00a,N
2019August,13,2019-August-13,26.9,33.9,6:00p,23.8,8:00a,0,8.6,112.5,0.3,5.8,1:00p,E
2019August,14,2019-August-14,27.9,32.7,12:30p,25.3,5:00a,0,9.7,29.7,0.1,3.6,4:00p,SE
2019August,15,2019-August-15,27.1,29.8,1:00p,24.9,5:00a,0,8.8,142.5,0.3,6.3,1:30p,SE
2019August,16,2019-August-16,25.8,27.3,11:00a,24.4,1:30p,0,7.5,152.9,0.3,7.2,6:30a,E
2019August,17,2019-August-17,25.1,26.7,1:30p,24.1,12:00m,0,6.8,93,0.1,4.5,9:30p,N
2019August,18,2019-August-18,24.8,27.3,10:00a,23.8,12:00m,0,6.5,55.9,0,2.2,10:30a,N
2019August,19,2019-August-19,24.9,27.1,6:00p,23.8,12:30a,0,6.7,13.7,0,3.6,10:00a,N
2019August,20,2019-August-20,25.6,30.5,12:30p,23.6,6:30a,0,7.3,10.9,0,4,4:00p,SW
2019August,21,2019-August-21,26.9,32.1,3:30p,23.9,5:30a,0,8.6,8.1,0.1,4,5:30p,SW
2019August,22,2019-August-22,29.2,35.1,12:30p,25.3,7:00a,0,10.9,13,0.1,2.7,11:00a,N
2019August,23,2019-August-23,29.4,35.2,2:00p,25.9,7:30a,0,11.1,0,0,4.9,4:00p,SE
2019August,24,2019-August-24,25.6,27.6,3:00p,24.2,7:30p,0,7.3,114.6,0.8,13,3:30p,N
2019August,25,2019-August-25,26.4,31.3,4:00p,23.8,9:00a,0,8.1,130.6,0.9,9.8,11:00a,SE
2019August,26,2019-August-26,27.8,34.8,1:00p,23.6,4:30a,0,9.5,20.3,0.1,4,3:00p,N
2019August,27,2019-August-27,29.2,35,3:00p,23.8,7:00a,0,10.9,0,0.1,4.9,6:00p,N
2019August,28,2019-August-28,29.8,36.7,2:30p,25.1,7:00a,0,11.5,0,0.1,4,4:00p,N
2019August,29,2019-August-29,28.3,34.4,12:30p,25.6,6:00a,0,10,9.4,0.1,3.1,4:30p,SE
2019August,30,2019-August-30,25.8,33.2,11:30a,23.2,10:00p,0,7.5,118.4,0.1,6.3,2:30p,N
2019August,31,2019-August-31,27.3,34.1,3:30p,22.2,7:00a,0,9,0,0.1,3.6,3:30p,SE
2019September,1,2019-September-1,28,34.3,2:30p,25.2,7:30a,0,9.7,2.5,0,3.6,7:30p,N
2019September,2,2019-September-2,28.9,35.7,1:30p,24.7,6:30a,0,10.6,0,0.1,3.1,2:30p,SE
2019September,3,2019-September-3,27.6,35.1,1:00p,24.7,7:00a,0,9.3,1,0.1,5.4,3:00p,N
2019September,4,2019-September-4,26.1,31.6,3:30p,24.3,7:30p,0,7.8,67.6,0.1,6.7,7:00p,N
2019September,5,2019-September-5,25.6,29.6,5:30p,23.3,7:00a,0,5,0,0,1.8,5:30p,ESE
2019September,6,2019-September-6,27.4,32.9,1:00p,24.2,11:00p,0,9.1,45,0.3,5.8,3:30p,SE
2019September,7,2019-September-7,27.9,34.2,2:00p,24.1,12:30a,0,9.6,0,0,4,5:00p,SE
2019September,8,2019-September-8,27.5,34.6,11:30a,23.2,3:30p,0,9.2,36.8,0.2,8,2:30p,N
2019September,9,2019-September-9,27.8,32.8,2:00p,23.8,6:00a,0,9.5,1.3,0,3.1,8:30a,N
2019September,10,2019-September-10,26.1,30.4,1:00p,23.7,12:00m,0,7.8,1.5,0.1,4.5,5:30a,SW
2019September,11,2019-September-11,28.4,36.4,2:00p,22.5,5:30a,0,10.1,0,0.1,3.6,3:30p,SW
2019September,12,2019-September-12,28.7,35.9,12:30p,23.2,6:00a,0,10.4,0,0.1,4.5,3:30p,SE
2019September,13,2019-September-13,29,35.2,2:00p,24.9,3:30a,0,10.7,0,0.1,3.6,3:30p,SE
2019September,14,2019-September-14,29.4,34.2,1:30p,26.4,4:30a,0,11.1,0,0.3,4.9,2:00p,SW
2019September,15,2019-September-15,26.9,32.9,11:30a,23.9,12:00m,0,8.6,104.4,0.3,5.8,4:00p,N
2019September,16,2019-September-16,27.5,33.2,3:00p,23.5,12:30a,0,9.2,0,0,1.8,3:30p,SE
2019September,17,2019-September-17,28.3,34.6,12:00p,24.3,5:30a,0,10,0,0,3.1,4:30p,SE
2019September,18,2019-September-18,27.9,34.4,12:30p,23.9,6:00a,0,9.6,1.8,0,3.6,1:00p,N
2019September,19,2019-September-19,27.8,33.2,1:30p,23.9,5:30a,0,9.5,0,0,3.1,5:30p,N
2019September,20,2019-September-20,26.8,33.2,1:00p,22.8,12:00m,0,8.5,0,0.4,4.9,4:30p,NNW
2019September,21,2019-September-21,25.1,28.1,2:30p,22.5,12:30a,0,6.7,0,0.3,4.9,12:30p,N
2019September,22,2019-September-22,26.5,32.7,2:30p,23.2,5:00a,0,8.2,0,0,3.1,4:30p,SW
2019September,23,2019-September-23,27.2,33.2,1:30p,23.6,12:00m,0,8.9,0,0.1,4.5,3:00p,SW
2019September,24,2019-September-24,26.4,33.4,12:30p,22.7,4:00a,0,8.1,0.5,0,2.7,12:30p,SE
2019September,25,2019-September-25,26.6,34.1,1:30p,21.6,6:00a,0,8.3,0,0.1,3.6,12:30p,SE
2019September,26,2019-September-26,27.6,33.6,1:30p,22.8,6:30a,0,9.3,0,0.1,3.6,3:00p,SE
2019September,27,2019-September-27,26.5,32.4,11:00a,22.3,4:30a,0,8.2,0,0,3.6,12:30p,SW
2019September,28,2019-September-28,26.7,34,11:00a,22.6,5:30a,0,8.4,3,0.1,5.4,2:30p,SW
2019September,29,2019-September-29,28,35.3,1:30p,22.7,6:30a,0,9.7,0,0,4.9,5:00p,SW
2019September,30,2019-September-30,26.9,30.8,3:30p,24.2,5:30a,0,8.7,0,0,3.6,3:00a,SW
2019October,1,2019-October-1,27.2,32.1,1:30p,23.3,12:00m,0,8.9,0.5,0.7,8,4:30a,NNW
2019October,2,2019-October-2,28.6,34.7,1:30p,23.1,3:30a,0,8.5,0,0.1,3.6,4:00p,SW
2019October,3,2019-October-3,26.7,33.8,,23,,NA,NA,1,0.8,7.3,,
2019October,4,2019-October-4,26.4,33.2,,23,,NA,NA,8,0.9,5.5,,
2019October,5,2019-October-5,26.7,31.3,,23.4,,NA,NA,9,0.5,4.1,,
2019October,6,2019-October-6,26.2,30.3,,23.4,,NA,NA,3,0.5,3.7,,
2019October,7,2019-October-7,27.1,33.5,,22.8,,NA,NA,0,0.7,5.6,,
2019October,8,2019-October-8,27.3,32.5,,23.4,,NA,NA,0,0.6,6.3,,
2019October,9,2019-October-9,26.5,31.1,,22.3,,NA,NA,0,0.7,5.9,,
2019October,10,2019-October-10,26.8,31.4,,24.2,,NA,NA,0,0.6,5.8,,
2019October,11,2019-October-11,27.1,31.7,,24.3,,NA,NA,0,0.8,5.4,,
2019October,12,2019-October-12,26.5,31.3,,23.7,,NA,NA,10,0.9,5.2,,
2019October,13,2019-October-13,26.3,31,,24.2,,NA,NA,21,0.6,4.1,,
2019October,14,2019-October-14,26,30.8,,23.2,,NA,NA,0.5,0.6,5.6,,
2019October,15,2019-October-15,25.8,31.9,,21.4,,NA,NA,0,0.8,5.6,,
2019October,16,2019-October-16,25.1,29.3,,22.1,,NA,NA,2,0.6,4.5,,
2019October,17,2019-October-17,25.6,31.2,,21,,NA,NA,0.5,0.8,5.5,,
2019October,18,2019-October-18,25.8,30.7,,22.8,,NA,NA,0,0.8,4.7,,
2019October,19,2019-October-19,26,31.6,,22.5,,NA,NA,0,0.9,5.1,,
2019October,20,2019-October-20,25.5,30.6,,21.2,,NA,NA,0,0.7,7.7,,
2019October,21,2019-October-21,25.3,29.9,,21.5,,NA,NA,0,0.8,5.3,,
2019October,22,2019-October-22,25.5,31.5,,21.3,,NA,NA,0,0.8,5.3,,
2019October,23,2019-October-23,26,31.4,,22.2,,NA,NA,0,0.7,5.3,,
2019October,24,2019-October-24,25.9,29.9,,22.2,,NA,NA,0,0.7,4.9,,
2019October,25,2019-October-25,25.6,30.2,,22.5,,NA,NA,0,0.7,6.9,,
2019October,26,2019-October-26,24.9,29.6,,21.1,,NA,NA,0,0.7,4.9,,
2019October,27,2019-October-27,25.6,31.4,,22.5,,NA,NA,0,0.6,7.1,,
2019October,28,2019-October-28,25.9,33,,21.3,,NA,NA,0,0.8,6.8,,
2019October,29,2019-October-29,25.5,30.6,,21.5,,NA,NA,0,0.8,4.4,,
2019October,30,2019-October-30,25.8,29.9,,22.1,,NA,NA,0,0.6,3.7,,
2019October,31,2019-October-31,26.1,31.4,,22.9,,NA,NA,0,0.8,4.5,,
2020January,1,2020-January-1,NA,NA,,NA,,NA,NA,NA,NA,NA,,
2020January,2,2020-January-2,NA,NA,,NA,,NA,NA,NA,NA,NA,,
2020January,3,2020-January-3,21.2,26.1,2:30p,17.2,11:00p,0.1,1.3,0,0.1,3.1,5:00p,SW
2020January,4,2020-January-4,19.8,27.3,2:00p,14.3,7:00a,1.1,2.6,0,0,2.7,1:30p,SW
2020January,5,2020-January-5,20,27.4,1:30p,14.3,7:01a,1,2.7,0,0.1,2.7,9:30a,NNW
2020January,6,2020-January-6,20.5,28.3,1:00p,14.6,6:00a,0.9,3.1,0,0,3.6,5:00p,WSW
2020January,7,2020-January-7,21.1,27.8,3:30p,15.7,6:08a,0.5,3.3,0,0.4,6.7,1:36p,N
2020January,8,2020-January-8,21.2,28.9,1:30p,15.7,6:30a,0.5,3.4,0,0.1,4.9,3:00p,WSW
2020January,9,2020-January-9,20.6,25.9,3:30p,15.7,6:00a,0.6,2.9,0,0.1,2.7,12:00p,N
2020January,10,2020-January-10,21.8,28.9,3:03p,17.3,5:02a,0.1,3.6,0,0.1,3.1,4:30p,N
2020January,11,2020-January-11,21.1,28,1:30p,15.8,6:00a,0.6,3.3,0,0.2,4.5,4:00p,N
2020January,12,2020-January-12,19.2,26.4,3:00p,14.9,7:30a,1.1,2.1,0,0.1,3.6,10:30a,N
2020January,13,2020-January-13,19,26.3,4:30p,13.5,7:00a,1.4,2.1,0,0.1,3.6,5:30p,N
2020January,14,2020-January-14,19.7,27.7,3:00p,12.9,7:00a,1.4,2.9,0,0.3,5.4,12:00p,NNW
2020January,15,2020-January-15,18.8,25.9,3:30p,12.8,7:00a,1.7,2.2,0,0,3.6,1:30p,NE
2020January,16,2020-January-16,20.3,29.3,3:00p,13.9,6:30a,1.3,3.2,0,0.2,4.9,5:30p,NNW
2020January,17,2020-January-17,18.8,26.7,1:30p,13.8,6:01a,1.7,2.2,0,0.2,5.8,5:30p,N
2020January,18,2020-January-18,17.3,24.1,3:00p,12.2,7:00a,2.5,1.5,0,0,2.7,5:00p,W
2020January,19,2020-January-19,18.1,25.6,3:30p,12.7,7:00a,2.2,2,0,0.1,4.5,1:30p,NNW
2020January,20,2020-January-20,19.2,28.7,2:30p,12.3,6:30a,1.8,2.7,0.3,0.2,4.9,4:30p,SW
2020January,21,2020-January-21,20.1,28.3,1:00p,14.1,7:30a,1,2.9,0,0.1,3.6,3:00p,WSW
2020January,22,2020-January-22,22.2,30.2,1:30p,15.6,4:00a,0.4,4.2,0,0.3,3.6,2:30a,N
2020January,23,2020-January-23,23.4,31.1,2:00p,17.6,7:00a,0,5.1,0,0.1,3.6,4:30p,N
2020January,24,2020-January-24,23.4,30.2,2:30p,18.4,4:30a,0,5.2,0,0.2,4.9,4:00p,SW
2020January,25,2020-January-25,20.5,25.9,2:30p,16.7,3:30a,0.3,2.5,0.3,0,2.7,7:00a,N
2020January,26,2020-January-26,20.9,29.7,4:00p,17.2,12:00m,0.1,2.7,10.2,0.4,5.8,6:00p,N
2020January,27,2020-January-27,18.7,23.6,3:30p,16,7:00a,0.9,1.3,3.3,0.3,5.4,12:00p,N
2020January,28,2020-January-28,15.7,17.3,4:30p,14.4,6:30a,2.6,0,9.7,0.3,5.8,9:30p,N
2020January,29,2020-January-29,15.9,21.3,1:00p,12.6,5:30a,2.9,0.5,0,0.3,4.5,4:00a,N
2020January,30,2020-January-30,14.2,22.3,3:00p,9.2,12:00m,4.6,0.5,0,0.3,4,4:00p,N
2020January,31,2020-January-31,14.4,23.1,3:00p,6.8,7:30a,4.8,0.8,0,0.1,4,5:30p,W
2020February,1,2020-February-1,16.4,24.6,1:00p,9.3,6:30a,3.5,1.6,0,0.1,5.8,3:00p,NNW
2020February,2,2020-February-2,17.8,26.6,3:30p,10.7,5:00a,2.7,2.2,0,0.1,4,2:00p,NNW
2020February,3,2020-February-3,19.2,26.6,3:00p,12.5,7:00a,1.9,2.7,0,0.1,2.7,11:00a,W
2020February,4,2020-February-4,19.2,27.8,1:30p,12.8,6:30a,1.6,2.5,0,0.1,4.9,2:00p,N
2020February,5,2020-February-5,19.7,25.8,12:30p,14.1,6:00a,1,2.4,0,0.1,3.1,12:30p,SW
2020February,6,2020-February-6,19.2,26.6,1:30p,12.8,7:00a,1.5,2.4,0,0.1,4,1:30p,W
2020February,7,2020-February-7,20,27.9,3:00p,14.5,3:30a,1.1,2.9,0,0.3,5.4,1:30p,N
2020February,8,2020-February-8,19.1,27.1,2:00p,13.7,7:30a,1.5,2.2,0,0.3,4,5:00p,N
2020February,9,2020-February-9,19.1,24.9,2:00p,15.2,4:00a,0.9,1.7,0,0.1,3.6,12:30p,N
2020February,10,2020-February-10,19.5,26.8,3:00p,13.1,7:00a,1.2,2.4,0,0.1,4,4:00p,W
2020February,11,2020-February-11,19.3,23.2,3:30p,15.2,4:30a,0.6,1.7,0,0.1,4,12:30p,N
2020February,12,2020-February-12,22.9,31.2,2:00p,15,6:30a,0.5,5.1,0,0.2,4.5,3:00p,WSW
2020February,13,2020-February-13,23.1,27.9,10:30a,18.7,6:30a,0,4.8,5.3,0.4,6.3,1:00p,WSW
2020February,14,2020-February-14,24.5,31.3,12:30p,18.9,7:00a,0,6.2,0,0.3,5.4,2:30p,WSW
2020February,15,2020-February-15,25.4,33.6,3:30p,19.6,6:00a,0,7.1,0,0.3,6.3,4:30p,N
2020February,16,2020-February-16,23.1,32.3,1:33p,16.2,12:00m,0.2,5,0,0.4,5.4,2:33p,N
2020February,17,2020-February-17,13.9,16.2,12:30a,11.9,12:30p,4.4,0,3.3,0.3,4,12:30a,N
2020February,18,2020-February-18,16.6,22.7,4:00p,12.1,6:30a,2.4,0.7,0,0,3.6,4:30p,N
2020February,19,2020-February-19,18,25.7,2:00p,11.4,7:00a,2.2,1.9,0,0.2,5.4,2:30p,W
2020February,20,2020-February-20,18.4,26,1:30p,12.7,5:30a,1.9,2.1,0,0.1,4.5,3:30p,SW
2020February,21,2020-February-21,20,27.7,2:30p,13.2,7:00a,1.5,3.1,0,0.1,3.6,1:00p,NNW
2020February,22,2020-February-22,20.9,28.3,1:00p,14.3,7:00a,0.9,3.5,0,0.1,4,4:00p,WSW
2020February,23,2020-February-23,20.6,28.4,1:30p,15.8,4:00a,0.4,2.8,0,0.1,4,2:30p,SW
2020February,24,2020-February-24,21.8,30.7,3:00p,15.1,6:00a,0.7,4.2,0,0.1,3.6,3:30p,N
2020February,25,2020-February-25,23.8,32.8,3:00p,16.9,6:30a,0.1,5.7,0,0.2,4,4:00p,N
2020February,26,2020-February-26,24.4,32.2,2:00p,18.3,6:00a,0,6.1,0.3,0.4,5.4,3:00p,SW
2020February,27,2020-February-27,23.1,27.7,12:30p,19.3,6:03a,0,4.8,0,0.1,3.1,1:30p,N
2020February,28,2020-February-28,23.6,29.7,2:30p,19.4,7:00a,0,5.2,0,0.1,3.1,12:00p,WSW
2020March,1,2020-March-1,24.8,33.1,1:00p,19.1,5:00a,0,6.5,0,0.4,5.8,4:00p,NNW
2020March,2,2020-March-2,22.9,28.7,12:30p,18.5,4:30a,0,4.6,0,0.1,4.9,2:00p,SW
2020March,3,2020-March-3,23.7,30.5,2:03p,17.2,7:00a,0.1,5.5,0,0.3,5.4,2:30p,SW
2020March,4,2020-March-4,22.8,28.6,1:00p,18.5,12:00m,0,4.5,9.9,0.2,4.5,10:30a,N
2020March,5,2020-March-5,20,26.4,12:30p,16.8,6:30a,0.4,2.1,0.8,0.1,3.6,12:30p,N
2020March,6,2020-March-6,21.9,28.8,1:30p,17.6,3:30a,0.1,3.7,0,0.1,2.7,3:00p,N
2020March,7,2020-March-7,24.2,31.6,3:32p,18.5,2:00a,0,5.9,0,0.2,4,4:00p,WSW
2020March,8,2020-March-8,25.2,31.1,2:00p,19.7,6:30a,0,6.9,0,0.2,3.6,2:30p,WSW
2020March,9,2020-March-9,25.4,30.8,2:30p,20.1,4:00a,0,7.1,0,0.4,6.7,10:00a,WSW
2020March,10,2020-March-10,23.6,26.8,10:00a,20.4,12:00m,0,5.3,19.3,0.1,4.5,10:30a,N
2020March,11,2020-March-11,21.7,26.1,12:00p,19.3,3:00a,0,3.4,0,0.1,3.1,10:00a,SW
2020March,12,2020-March-12,24.3,31.2,2:00p,17.9,7:00a,0,6,0,0.2,4.5,1:30p,NNE
2020March,13,2020-March-13,25.6,32.3,2:00p,20.6,6:00a,0,7.3,0,0.3,5.4,1:00p,N
2020March,14,2020-March-14,19.9,23.3,1:30a,17.4,11:00p,0.1,1.7,29.7,0,4,3:31a,N
2020March,15,2020-March-15,19.6,25.5,3:00p,15.7,4:30a,0.7,2,0,0.2,4,4:00p,WSW
2020March,16,2020-March-16,21.2,27.8,1:30p,14.8,5:30a,0.7,3.6,0,0.2,4.5,2:00p,SW
2020March,17,2020-March-17,22.1,29.3,2:30p,15.8,5:30a,0.5,4.2,0,0.2,4.9,1:00p,W
2020March,18,2020-March-18,22.5,29.8,1:00p,17.1,6:00a,0.1,4.3,0,0.1,3.1,1:00p,N
2020March,19,2020-March-19,24.3,30.9,1:00p,19.2,6:30a,0,6,0,0.2,4,3:30p,NNW
2020March,20,2020-March-20,24.3,30.1,3:30p,19.2,6:30a,0,6.1,0,0.2,4,6:00p,SW
2020March,21,2020-March-21,24.7,32.3,2:00p,19.3,6:00a,0,6.4,0,0.2,4,4:30p,WSW
2020March,22,2020-March-22,25.1,32.3,2:00p,19.7,5:00a,0,6.8,0,0.2,4,11:00a,NNW
2020March,23,2020-March-23,26.1,33.5,1:30p,19.6,5:00a,0,7.7,0,0.2,4,4:30p,SW
2020March,24,2020-March-24,24.8,30.2,2:30p,21.3,12:00m,0,6.6,0,0.2,4.9,1:30p,NNW
2020March,25,2020-March-25,25.6,32.7,12:30p,19.3,6:00a,0,7.3,0,0.2,4,1:30p,WSW
2020March,26,2020-March-26,27.1,34.4,2:00p,20.7,6:30a,0,8.8,0,0.5,6.7,2:00p,WSW
2020March,27,2020-March-27,27,33,11:30a,21,6:00a,0,8.7,0,0.5,5.8,12:30p,WSW
2020March,28,2020-March-28,25.6,33.4,1:30p,19,11:30p,0,7.2,4.1,0.4,7.6,8:00a,N
2020March,29,2020-March-29,23.3,29.2,1:30p,18.7,3:00a,0,4.8,0,0.2,4,5:30p,SW
2020March,30,2020-March-30,25.6,32.7,3:00p,18.6,5:00a,0,7.3,0,0.2,4,12:00p,WSW
2020March,31,2020-March-31,25.9,33.1,2:00p,20.7,4:30a,0,7.7,0,0.2,3.6,2:00p,W
2020April,1,2020-April-1,26.1,32.6,1:30p,23.1,5:00a,0,7.8,0,0.3,4.5,5:00p,N
2020April,2,2020-April-2,23.4,27.8,4:00p,20.7,11:30a,0,5.1,2.5,0.2,3.6,8:30p,N
2020April,3,2020-April-3,23.4,28.9,12:31p,20.6,6:31a,0,5.2,1,0,2.7,1:32p,SE
2020April,4,2020-April-4,24.1,30.7,1:33p,19.3,7:00a,0,5.8,0,0.2,4.5,9:33a,N
2020April,5,2020-April-5,22.4,29.9,2:00p,17.6,6:00a,0.1,4.2,0,0.2,4.5,4:30p,N
2020April,6,2020-April-6,21.1,23.2,4:30p,18.9,12:00m,0,2.8,21.6,0,3.1,1:30a,N
2020April,7,2020-April-7,22.1,28.6,5:00p,18.5,5:30a,0,3.7,34.3,0.1,3.6,2:00a,N
2020April,8,2020-April-8,22.8,29.3,4:30p,17.4,7:00a,0.1,4.6,0,0.1,3.1,1:00p,WSW
2020April,9,2020-April-9,23.8,30.8,2:30p,18.9,7:00a,0,5.5,0,0.2,5.8,3:30p,SW
2020April,10,2020-April-10,24.2,31.2,2:30p,18.9,7:00a,0,5.9,0,0.2,4.5,3:00p,W
2020April,11,2020-April-11,24.1,31.7,3:30p,18.7,6:30a,0,5.7,0,0.3,4.5,2:00p,NNW
2020April,12,2020-April-12,21.6,26.7,4:30p,17,12:00m,0.1,3.3,0.3,0.4,5.4,6:00p,NNW
2020April,13,2020-April-13,20.1,27.4,3:00p,13.5,7:30a,1.3,3,0,0.2,3.6,1:30p,WSW
2020April,14,2020-April-14,21.2,28.5,2:00p,14.4,6:00a,0.8,3.7,0,0.2,8,2:30p,NNW
2020April,15,2020-April-15,22.4,30.2,3:30p,15.9,6:30a,0.4,4.5,0,0.5,6.3,1:00p,NNW
2020April,16,2020-April-16,23.8,32.2,3:30p,15.7,4:30a,0.5,6,0,0.2,4.5,5:30p,WSW
2020April,17,2020-April-17,25.2,33.2,3:00p,17.1,7:00a,0.1,6.9,0,0.2,4,12:00p,WSW
2020April,18,2020-April-18,26.6,35,2:00p,19.6,7:00a,0,8.2,0,0.3,4,4:30p,WSW
2020April,19,2020-April-19,27.6,34.6,3:04p,21.8,6:03a,0,9.5,0,0.3,4.5,3:30p,WSW
2020April,20,2020-April-20,27.2,35.4,1:30p,20.6,7:00a,0,8.9,0,0.3,4.9,3:00p,WSW
2020April,21,2020-April-21,26.7,33.8,2:00p,21.1,7:00a,0,8.4,0,0.2,4.9,2:00p,W
2020April,22,2020-April-22,24.6,31.3,1:00p,20.6,7:00a,0,6.3,3.6,0.1,3.1,12:30p,SE
2020April,23,2020-April-23,23.7,27.9,1:00p,21,4:00a,0,5.4,0,0.1,3.6,9:00p,N
2020April,24,2020-April-24,22.1,26.3,12:30p,19.6,7:00a,0,3.7,0,0.2,3.1,5:00p,N
2020April,25,2020-April-25,23.9,30.7,1:30p,18.9,6:30a,0,5.7,0,0.1,4.5,4:30p,N
2020April,26,2020-April-26,26.1,33.8,3:01p,20.6,7:00a,0,7.8,0,0.4,5.4,4:30p,NNW
2020April,27,2020-April-27,26.6,32.7,1:00p,22.1,7:00a,0,8.3,0,0.3,4.5,3:00p,WSW
2020April,28,2020-April-28,25.7,30.6,12:30p,22.4,4:30a,0,7.4,0,0.1,3.1,2:30p,WSW
2020April,29,2020-April-29,25.7,33.2,1:30p,19.7,6:30a,0,7.4,0.5,0.3,5.4,2:00p,WSW
2020April,30,2020-April-30,26.7,33.8,2:00p,20.9,7:00a,0,8.4,0,0.2,4,5:00p,WSW
2020May,1,2020-May-1,27.2,34.3,2:03p,21.1,4:00a,0,8.7,0,0.3,4.9,5:03p,SW
2020May,2,2020-May-2,28.6,34.3,12:30p,23.1,6:00a,0,10.5,0,0.4,5.8,2:00p,WSW
2020May,3,2020-May-3,28.4,34.9,1:00p,23.1,4:00a,0,10.1,0,0.3,4.5,3:00p,WSW
2020May,4,2020-May-4,29,36.5,2:00p,23.6,6:30a,0,10.7,0,0.3,4.9,2:00p,WSW
2020May,5,2020-May-5,28.8,34.7,4:00p,22.7,5:30a,0,10.5,0,0.3,4.5,1:30p,WSW
2020May,6,2020-May-6,29.6,36.4,2:30p,24,7:00a,0,11.3,0,0.4,4.9,9:30a,N
2020May,7,2020-May-7,29.9,36.4,1:30p,24.7,4:30a,0,11.6,0,0.3,4.9,1:00p,WSW
2020May,8,2020-May-8,29.3,34.8,12:30p,24.7,7:00a,0,11,0,0.3,4.5,1:00p,WSW
2020May,9,2020-May-9,29.2,35.7,1:30p,24.2,4:00a,0,10.9,0,0.2,4.9,2:30p,NW
2020May,10,2020-May-10,29.4,36.3,2:01p,24.6,7:00a,0,10.9,0.5,0.3,4.5,5:30p,N
2020May,11,2020-May-11,29.7,35.7,4:03p,25.7,1:30a,0,11.4,0,0.3,4.9,4:30p,SW
2020May,12,2020-May-12,27.8,33.3,2:30p,24.6,11:30a,0,9.8,14.5,0.3,7.2,5:30p,NNW
2020May,13,2020-May-13,27.7,32.9,12:30p,24.5,2:00a,0,9.3,3.3,0.1,3.1,3:00p,WSW
2020May,14,2020-May-14,28.4,35.7,2:30p,22.8,7:00a,0,10.1,0,0.2,4.5,3:30p,WSW
2020May,15,2020-May-15,29,37.3,5:00p,22.8,6:30a,0,10.7,2.3,0.4,5.4,6:00p,N
2020May,16,2020-May-16,29.4,36.6,1:30p,24.4,4:00a,0,11.1,0,0.3,8.9,6:00p,N
2020May,17,2020-May-17,28.7,35.4,1:00p,23.2,6:30a,0,10.4,0,0.3,5.8,4:00p,SE
2020May,18,2020-May-18,28.8,35.2,3:00p,24.7,7:00a,0,10.5,0.3,0.3,4.5,3:30p,WSW
2020May,19,2020-May-19,25.1,31.2,11:30a,22.8,5:00p,0,6.8,14.5,0.2,7.6,2:00p,N
2020May,20,2020-May-20,24.9,30.2,1:00p,22.9,3:30p,0,6.6,16.3,0.1,6.3,3:00p,N
2020May,21,2020-May-21,24.4,25.9,10:30a,23.1,12:30a,0,6.2,93.5,0,3.1,9:00a,SE
2020May,22,2020-May-22,24.5,26.3,2:00a,23.6,9:00a,0,6.1,490.7,0.6,6.3,4:31p,SE
2020May,23,2020-May-23,25.7,28.8,3:30p,24.4,12:01a,0,7.4,78.7,0.3,4,12:01a,SE
2020May,24,2020-May-24,27.3,33.3,1:30p,24.3,2:30a,0,9.1,0,0.2,4.9,3:30p,WSW
2020May,25,2020-May-25,28.7,34.5,4:00p,24.7,5:00a,0,10.4,0,0.1,3.1,2:30p,WSW
2020May,26,2020-May-26,27.2,33.5,4:00p,24.8,7:00a,0,8.9,64.3,0.1,4,12:30p,SE
2020May,27,2020-May-27,25.4,29.9,5:30p,23.2,12:00p,0,7.1,41.9,0,2.7,1:00a,W
2020May,28,2020-May-28,27.2,34.2,2:00p,24.4,9:00a,0,8.9,65.3,0.2,5.8,7:30p,WSW
2020May,29,2020-May-29,27.7,33.1,1:30p,23.9,6:30a,0,9.4,0,0.2,4.9,2:00p,WSW
2020May,30,2020-May-30,28.8,34.8,1:00p,24,5:30a,0,10.5,0,0.2,3.6,5:00p,WSW
2020May,31,2020-May-31,29.7,35,1:30p,24.9,5:30a,0,11.4,0,0.3,4.5,12:30p,N
2020June,1,2020-June-1,30.1,36.4,12:30p,24.4,6:30a,0,11.8,0,0.1,4,2:30p,W
2020June,2,2020-June-2,29.9,36.6,1:02p,24.8,7:01a,0,11.4,0,0.2,4,5:30p,SE
2020June,3,2020-June-3,29.6,35.4,4:00p,23.6,6:00a,0,11.5,0,0.2,4.5,2:30p,W
2020June,4,2020-June-4,30.1,36.3,3:30p,24.1,7:00a,0,11.8,0,0.4,4.9,10:30a,N
2020June,5,2020-June-5,29.1,36.6,12:30p,24.3,5:00a,0,10.8,0,0.2,5.4,2:30p,N
2020June,6,2020-June-6,27.8,34.6,2:00p,23.7,12:00m,0,9.6,13,0.2,4.5,2:00p,N
2020June,7,2020-June-7,28.3,35.4,12:30p,23,6:30a,0,10,2,0.3,4.5,8:00p,WSW
2020June,8,2020-June-8,26.4,33,2:00p,22.8,7:00p,0,8.2,11.2,0.3,6.7,4:00p,WSW
2020June,9,2020-June-9,28,33.7,12:30p,22.4,5:00a,0,9.7,0,0.1,3.6,8:00p,NNW
2020June,10,2020-June-10,28,35.3,1:00p,23.9,5:00p,0,9.7,43.4,0.2,9.4,4:30p,WSW
2020June,11,2020-June-11,29.9,37.7,2:00p,23.8,7:00a,0,11.6,0,0.1,3.6,3:00p,WSW
2020June,12,2020-June-12,30.3,38.5,4:00p,25.2,7:00a,0,12.1,0,0.1,4,5:30p,N
2020June,13,2020-June-13,29.7,36.4,12:30p,26.1,4:30a,0,11.4,2,0,5.4,1:30p,NE
2020June,14,2020-June-14,29.3,34.7,1:00p,24.5,4:30a,0,11,1.5,0.5,7.6,3:30p,WSW
2020June,15,2020-June-15,29.9,36.8,1:30p,24.2,6:30a,0,11.6,0,0.2,3.6,3:00p,WSW
2020June,16,2020-June-16,29.8,36.1,1:30p,24.2,6:00a,0,11.5,0,0.3,4.9,3:00p,NNW
2020June,17,2020-June-17,30.1,36,1:00p,24.3,6:30a,0,11.8,0,0.2,4,3:30p,NW
2020June,18,2020-June-18,29.9,36.4,1:30p,23.6,6:00a,0,11.6,0,0.3,4.9,2:30p,N
2020June,19,2020-June-19,30.2,36,4:00p,24.4,6:00a,0,11.9,0,0.2,5.4,2:30p,NNW
2020June,20,2020-June-20,30.7,37.1,1:00p,25.5,6:30a,0,12.3,0,0.2,4.9,4:30p,NW
2020June,21,2020-June-21,29,34.7,12:00p,25,6:30a,0,10.7,4.3,0.4,7.6,2:30p,N
2020June,22,2020-June-22,30.2,35,12:30p,-67.8,5:32a,0,9.7,3.3,0.3,4.5,4:30p,N
2020June,23,2020-June-23,29.3,35.9,2:00p,24.2,5:00a,0,8.7,12.4,0.4,5.8,4:30p,NE
2020June,24,2020-June-24,27.8,36.5,1:30p,-67.8,5:00a,1.8,10.5,14,0.2,4,2:30p,N
2020June,25,2020-June-25,29.8,35.4,12:00p,24.1,4:30a,0,10.5,4.1,0.2,4.5,3:30p,SW
2020June,26,2020-June-26,26.2,35.4,12:00p,-67.8,5:00a,1.8,8.5,59.9,0.1,5.4,5:30p,N
2020June,27,2020-June-27,29.6,34.9,12:30p,23.7,5:00a,0,8.7,0.3,0.2,4,2:00p,SE
2020June,28,2020-June-28,31.1,36.7,4:00p,23.6,4:30a,0,9.9,0,0.2,4,4:30p,WSW
2020June,29,2020-June-29,31.2,36.8,4:00p,25.3,4:30a,0,11.5,0,0.2,4,11:00a,WSW
2020June,30,2020-June-30,26.1,32.9,11:00a,-67.8,5:00a,1.8,9,49.8,0.4,6.3,10:34a,SE
2020July,1,2020-July-1,26.8,31.7,1:30p,24.1,4:30a,0,8.5,30,0.3,5.8,8:30a,SE
2020July,2,2020-July-2,28.6,34.5,1:00p,24.3,3:30a,0,10.3,0,0.4,7.2,4:00p,SW
2020July,3,2020-July-3,29.6,34.8,11:00a,24.7,2:34a,0,11.3,0,0.3,4,12:00p,WSW
2020July,4,2020-July-4,28.9,37.6,1:30p,25,4:30p,0,10.6,13.7,0.1,5.4,4:00p,SE
2020July,5,2020-July-5,29.2,35.3,12:00p,25.1,5:30a,0,10.8,0,0.1,4,12:30p,WSW
2020July,6,2020-July-6,29.6,35.1,11:30a,24.7,4:00a,0,11.3,0.8,0.1,3.6,12:30p,W
2020July,7,2020-July-7,29.3,35.5,12:30p,24.9,3:30a,0,11,2.5,0,5.4,1:00p,WSW
2020July,8,2020-July-8,30.2,36.4,1:00p,24.8,5:30a,0,11.9,0,0.2,4,3:30p,WSW
2020July,9,2020-July-9,30.1,36.7,2:00p,25.7,3:30a,0,11.8,0,0.2,4.5,2:30p,WSW
2020July,10,2020-July-10,30.9,37.6,1:00p,23.9,5:30a,0,12.6,0,0.2,4,12:00p,WSW
2020July,11,2020-July-11,30.8,37.4,12:30p,25.6,6:00a,0,12.5,9.1,0.1,3.6,2:00p,NNW
2020July,12,2020-July-12,30.6,38.9,2:00p,26.2,5:00a,0,12.3,5.6,0.1,3.6,10:00a,N
2020July,13,2020-July-13,30.9,38.1,1:30p,26.1,3:00a,0,12.6,0,0.2,4.9,3:31p,NNW
2020July,14,2020-July-14,28.8,36.1,1:00p,25.8,4:33a,0,10.5,8.4,0.1,4.5,2:30p,SE
2020July,15,2020-July-15,27.5,31.2,5:30p,25.9,7:30a,0,9.2,6.6,0.2,5.4,7:30a,N
2020July,16,2020-July-16,28.7,35.8,1:00p,25.7,12:00m,0,10.4,5.1,0.2,5.8,2:00p,NNW
2020July,17,2020-July-17,30,35.1,1:00p,24.7,5:30a,0,11.4,0,0.2,4.5,10:00a,NNW
2020July,18,2020-July-18,31.1,37.7,1:30p,24.9,5:01a,0,13,0,0.2,4.9,9:00a,NNE
2020July,19,2020-July-19,29.9,37.9,12:00p,25.9,6:00a,0,11.6,1,0.1,4.9,2:00p,SE
2020July,20,2020-July-20,27.9,36.9,12:30p,24.5,6:00a,0,9.7,78,0.2,5.4,2:30p,NNW
2020July,21,2020-July-21,29.6,36.6,2:00p,23.4,6:00a,0,11.3,0,0.1,4,7:30p,WSW
2020July,22,2020-July-22,28.9,36.2,12:00p,25.1,6:00a,0,10.7,17.3,0,4,2:00p,N
2020July,23,2020-July-23,29.4,36.8,1:00p,25.2,5:30a,0,11.1,3.6,0.1,4.9,2:30p,N
2020July,24,2020-July-24,29.8,36.7,1:32p,25,5:30a,0,11.3,3.8,0.1,4,11:00a,SE
2020July,25,2020-July-25,29.7,36.2,12:30p,27.1,4:30a,0,11.6,0.5,0.1,5.8,4:30p,SE
2020July,26,2020-July-26,28.2,35.6,11:00a,23.8,3:00p,0,9.9,106.7,0.1,4.5,2:30p,WSW
2020July,27,2020-July-27,28.8,35.5,11:30a,24.7,4:30a,0,10.5,48.3,0.2,5.8,2:00p,SW
2020July,28,2020-July-28,26.7,35.6,12:04p,22.6,12:00m,0,8.4,118.9,0.2,6.3,3:04p,SE
2020July,29,2020-July-29,27.3,35.4,2:30p,21.9,4:30a,0,9,0,0,4.5,5:00p,N
2020July,30,2020-July-30,27.1,29.4,12:00p,24.6,6:00a,0,8.8,5.3,0,2.2,7:30a,N
2020July,31,2020-July-31,27.8,34.3,4:30p,25.2,7:34a,0,9.6,1.8,0,3.1,7:34a,W
2020August,1,2020-August-1,29.4,35,11:30a,25.2,5:30a,0,11.1,0,0.2,6.7,4:00p,N
2020August,2,2020-August-2,26.8,33.2,10:30a,24.6,11:30p,0,8.5,13.7,0.2,4.5,10:00a,WSW
2020August,3,2020-August-3,25,29.2,11:30a,24.2,10:00p,0,6.7,84.6,0.1,4.5,3:00p,SE
2020August,4,2020-August-4,25.6,32.3,2:03p,23.7,11:30p,0,7.1,93.5,0.2,6.7,5:03p,WSW
2020August,5,2020-August-5,28.2,36.8,3:30p,22.8,6:04a,0,10.1,33,0.2,4.9,6:00p,NNW
2020August,6,2020-August-6,28.2,36.8,2:00p,24.2,5:00a,0,9.9,15.5,0.1,4.9,2:30p,N
2020August,7,2020-August-7,28.6,35.9,2:00p,24.2,6:30a,0,10.2,0.5,0.1,4.9,3:00p,NNW
2020August,8,2020-August-8,28.8,35.9,2:00p,24.4,5:00a,0,10.5,4.8,0.1,4.5,6:00p,N
2020August,9,2020-August-9,28.6,34.7,1:00p,24.8,5:30a,0,10.3,12.7,0.3,5.4,4:00p,NNW
2020August,10,2020-August-10,28.1,36.4,12:00p,25.3,11:00p,0,9.8,6.9,0.1,4.9,3:00p,SW
2020August,11,2020-August-11,27.3,31.2,5:00p,25,11:30p,0,9,5.3,0.2,7.2,10:30a,SW
2020August,12,2020-August-12,29.2,37,2:30p,24.4,5:30a,0,10.9,0,0.2,4.5,5:00p,N
2020August,13,2020-August-13,27.9,35.9,12:30p,23.9,5:30a,0,9.6,4.8,0.1,4.9,2:30p,N
2020August,14,2020-August-14,27.6,34.5,12:00p,23.6,5:00a,0,9.3,1.8,0,5.8,2:30p,SE
2020August,15,2020-August-15,27.1,33.6,12:00p,23.7,6:00a,0,8.8,1.3,0,4.5,1:00p,SE
2020August,16,2020-August-16,27.8,34.7,12:00p,23.6,5:31a,0,9.5,0,0,3.6,2:00p,SW
2020August,17,2020-August-17,27.1,32.6,10:00a,23.8,6:00a,0,8.8,7.9,0,4,11:00a,N
2020August,18,2020-August-18,27.9,34.4,12:00p,24.9,12:00m,0,9.6,7.4,0.1,5.4,6:00p,SW
2020August,19,2020-August-19,27.7,36.7,12:30p,23.9,6:00a,0,9.4,5.6,0.1,4,2:30p,WSW
2020August,20,2020-August-20,28.7,34.4,11:30a,24.4,6:00a,0,10.4,0,0.1,3.1,2:30p,WSW
2020August,21,2020-August-21,27.3,33.4,1:00p,24.5,10:00p,0,9,11.7,0.1,4.5,2:00p,SW
2020August,22,2020-August-22,25.9,30.9,10:30a,24.2,4:30a,0,7.6,31.5,0.1,4.5,10:30a,SE
2020August,23,2020-August-23,27.4,32.7,4:00p,24.5,12:30a,0,9.1,3.8,0.2,4.5,11:30a,NNW
2020August,24,2020-August-24,27.9,33.4,11:00a,24.6,5:30a,0,9.6,7.9,0.2,5.4,2:00p,SW
2020August,25,2020-August-25,27.7,34.1,12:30p,25.1,6:00a,0,9.4,7.1,0.2,4.9,3:30p,SE
2020August,26,2020-August-26,24.6,26.3,12:30a,23.7,5:30p,0,6.3,79,0,2.7,10:30a,N
2020August,27,2020-August-27,25.2,28.9,8:00a,23.2,7:30p,0,6.9,161.5,0.5,7.6,3:30p,SE
2020August,28,2020-August-28,26.9,31.2,4:00p,24.3,12:00m,0,8.6,46.2,0.3,5.4,4:30p,SE
2020August,29,2020-August-29,28.3,34.6,12:00p,23.3,5:00a,0,10,0,0.2,4,3:34p,SW
2020August,30,2020-August-30,27.8,34,12:30p,24.2,12:00m,0,9.5,4.1,0.3,6.3,2:00p,NNW
2020August,31,2020-August-31,27.1,34.6,3:30p,23.3,4:30p,0,8.7,9.9,0.3,8,4:30p,WSW
2020September,1,2020-September-1,28.4,33.6,3:30p,23.2,4:30a,0,10.1,0,0.5,7.2,2:00p,NNW
2020September,2,2020-September-2,28.6,34.9,11:30a,25.1,12:00m,0,10.3,4.6,0.1,4.9,1:30p,SE
2020September,3,2020-September-3,27.8,34.9,1:30p,23.6,8:30p,0,9.5,47.8,0.2,8,7:00p,SE
2020September,4,2020-September-4,27.7,34.6,12:30p,22.9,5:00a,0,9.4,45.7,0.1,4,4:00p,SW
2020September,5,2020-September-5,28.8,35.9,1:30p,24.7,6:00a,0,10.5,0,0.1,4.5,5:00p,N
2020September,6,2020-September-6,28.2,34.5,2:00p,22.8,12:00m,0,9.9,0,0.2,4.9,3:00p,NNW
2020September,7,2020-September-7,27.8,34.9,3:00p,21.2,5:33a,0,9.6,0,0.1,4,12:30p,WSW
2020September,8,2020-September-8,28.6,36.3,1:00p,23.3,6:30a,0,10.3,0,0.1,4,2:30p,N
2020September,9,2020-September-9,29.1,36.3,2:03p,24.1,5:30a,0,10.8,0,0.1,3.6,11:01a,N
2020September,10,2020-September-10,27.6,35.6,12:30p,24.3,3:00p,0,9.3,3.8,0.1,4.5,2:30p,NNW
2020September,11,2020-September-11,27.8,35.3,12:00p,23.8,3:00a,0,9.6,0,0.1,3.6,1:00p,N
2020September,12,2020-September-12,27.7,35.2,12:30p,24.5,6:00a,0,9.4,1,0,4.9,12:30p,W
2020September,13,2020-September-13,28.2,34.9,11:32a,24.4,6:31a,0,9.9,2.5,0.1,3.6,1:32p,N
2020September,14,2020-September-14,28.7,36.1,2:00p,24.3,5:00a,0,10.4,0,0,3.6,2:30p,SE
2020September,15,2020-September-15,28.7,35.1,10:30a,24.7,6:00a,0,10.2,2,0,5.8,6:03p,N
2020September,16,2020-September-16,29.3,36,12:04p,24.3,5:30a,0,11.2,0,0.1,4.5,3:04p,N
2020September,17,2020-September-17,29.7,36.4,1:30p,24.8,6:30a,0,11.4,0,0.1,4,11:30a,NNW
2020September,18,2020-September-18,28.1,36.3,12:00p,24.9,5:00a,0,9.8,20.6,0.2,4.9,3:00p,N
2020September,19,2020-September-19,27.7,36.3,2:30p,24,6:00a,0,9.4,100.6,0,3.6,3:30p,N
2020September,20,2020-September-20,27.1,35.6,12:30p,23.6,5:30a,0,8.8,19,0.1,7.2,3:00p,N
2020September,21,2020-September-21,27.9,34.9,11:30a,24.1,6:00a,0,9.6,13.7,0.1,4.5,2:00p,SE
2020September,22,2020-September-22,28.3,34.4,12:02p,24.9,3:00a,0,9.8,0.5,0.1,3.1,3:30p,WSW
2020September,23,2020-September-23,28.8,34.2,2:30p,25.3,5:30a,0,10.7,0,0.2,4,4:00p,SW
2020September,24,2020-September-24,27.6,33.3,11:00a,24.4,6:00a,0,9.3,7.1,0.1,4,1:30p,SE
2020September,25,2020-September-25,25.7,33,11:31a,23.4,11:31p,0,7.4,106.9,0.3,4.9,3:31p,SE
2020September,26,2020-September-26,27.1,33.1,12:00p,23.1,6:02a,0,8.8,0,0,4,2:30p,WSW
2020September,27,2020-September-27,27.8,34.9,1:00p,23.9,6:30a,0,9.5,0,0,3.6,5:00p,SE
2020September,28,2020-September-28,27.6,34.5,12:30p,23.1,6:30a,0,9.3,2,0.1,3.6,1:30p,SE
2020September,29,2020-September-29,27.3,32.8,1:00p,23.6,5:00a,0,9,0,0.1,3.6,11:00a,SW
2020September,30,2020-September-30,27.1,34,12:30p,23.6,6:00a,0,8.8,0.8,0.1,3.6,12:30p,SE
2020October,1,2020-October-1,26.4,31.2,11:30a,24.6,12:00m,0,8.2,9.9,0.1,3.1,1:30p,SE
2020October,2,2020-October-2,27.3,34,12:30p,22.3,6:00a,0,9,0,0,3.1,2:00p,SE
2020October,3,2020-October-3,27.8,34.6,12:30p,22.1,5:30a,0,9.5,0,0,2.7,2:30p,SW
2020October,4,2020-October-4,28.6,35.5,1:30p,23.4,6:30a,0,10.2,0,0.1,3.1,2:30p,SE
2020October,5,2020-October-5,27.8,34.5,12:30p,23.7,5:00a,0,9.5,0.3,0,3.1,2:30p,SE
2020October,6,2020-October-6,27.9,34,11:00a,23.8,6:30a,0,9.6,0,0.1,3.6,2:30p,SE
2020October,7,2020-October-7,26.5,30.7,12:00p,24.2,4:00a,0,8.2,0,0,1.8,1:00p,SE
2020October,8,2020-October-8,25.9,30.6,11:30a,23.8,12:00m,0,7.6,0,0,1.3,4:00p,SE
2020October,9,2020-October-9,26.3,32.7,12:00p,21.6,6:00a,0,8,0,0.1,5.8,12:00p,SE
2020October,10,2020-October-10,26.6,32.9,1:00p,21.7,6:30a,0,8.3,0,0,2.7,2:00p,SE
2020October,11,2020-October-11,27.7,34.2,1:30p,22.9,5:30a,0,9.4,0,0,4.5,3:30p,SE
2020October,12,2020-October-12,28.2,35,1:30p,24.1,6:30a,0,9.9,0,0,4,2:30p,WSW
2020October,13,2020-October-13,27.9,34.8,1:00p,22.7,6:30a,0,9.6,0,0,4,3:00p,SE
2020October,14,2020-October-14,28.4,34.6,1:00p,24.8,6:30a,0,10.1,0,0.1,3.6,2:00p,SW
2020October,15,2020-October-15,27.8,33.7,1:00p,23.8,7:00a,0,9.5,0,0,3.1,1:00p,SE
2020October,16,2020-October-16,26.8,33.2,12:30p,22,6:30a,0,8.5,0,0,4.5,3:00p,SE
2020October,17,2020-October-17,26.4,31.8,1:30p,22.8,12:00m,0,8.1,0,0,4,12:30p,N
2020October,18,2020-October-18,25.7,31.6,11:30a,21.3,6:30a,0,7.4,0,0.1,4,1:30p,SE
2020October,19,2020-October-19,26.1,30.9,12:30p,22,6:00a,0,7.8,0,0,3.1,12:30p,SE
2020October,20,2020-October-20,26.2,32.5,2:00p,21.7,6:30a,0,7.9,0,0,3.1,3:30p,SW
2020October,21,2020-October-21,26.1,31.9,11:30a,22.9,6:00a,0,7.7,0.8,0.1,4,2:00p,SE
2020October,22,2020-October-22,25.9,33.1,12:00p,20.7,12:00m,0,7.6,4.6,0.1,3.6,11:00p,NNW
2020October,23,2020-October-23,23.1,27.2,12:00p,20.7,12:30a,0,4.8,5.1,0,3.1,2:00a,N
2020October,24,2020-October-24,24.7,29.6,12:30p,21.9,4:30a,0,6.4,0.3,0,3.1,4:00p,SE
2020October,25,2020-October-25,25.3,30.4,11:30a,22.6,5:30a,0,6.9,0,0,2.7,3:02p,SE
2020October,26,2020-October-26,26.8,32.6,2:00p,22.6,6:00a,0,8.7,0,0,4,4:00p,SE
2020October,27,2020-October-27,27,33.7,12:30p,22.7,4:30a,0,8.7,0,0,4,3:30p,SE
2020October,28,2020-October-28,26.6,33.4,12:00p,21.9,5:30a,0,8.3,1,0.1,4.5,2:00p,SE
2020October,29,2020-October-29,27.1,33,12:00p,23.8,11:30p,0,8.7,0,0,4.5,1:30p,SE
2020October,30,2020-October-30,24.9,29.1,12:30p,22.4,11:30p,0,6.6,2.3,0.1,4,2:30p,SW
2020October,31,2020-October-31,23.9,29,12:00p,19.8,12:00m,0,5.7,0,0,3.1,4:00p,SE
2020November,1,2020-November-1,24.3,31.8,12:30p,18.6,5:30a,0,6,0,0,3.1,2:00p,N
2020November,2,2020-November-2,25.4,32.6,12:30p,18.7,5:30a,0,7.1,0,0.1,3.6,10:00a,SE
2020November,3,2020-November-3,24.8,31.3,11:30a,20.2,5:00a,0,6.5,0.3,0.1,4.9,3:00p,N
2020November,4,2020-November-4,24,29.9,10:00a,21.5,5:00a,0,5.7,0,0,3.6,12:30p,SE
2020November,5,2020-November-5,24.9,30.8,12:00p,20.9,12:00m,0,6.6,0,0,3.1,11:00a,SE
2020November,6,2020-November-6,23.3,27.3,12:00p,20.5,2:00a,0,4.9,21.6,0.1,4.9,1:00p,N
2020November,7,2020-November-7,25,29.5,11:30a,22.8,3:00a,0,6.8,10.7,0.2,5.8,1:00p,NNW
2020November,8,2020-November-8,24.3,30.3,1:00p,21.7,12:00m,0,6,0.5,0,2.2,1:00p,W
2020November,9,2020-November-9,22.8,27.4,12:00p,21.1,12:00m,0,4.5,6.3,0,3.1,1:30p,NNW
2020November,10,2020-November-10,23.2,29.1,12:30p,20.6,5:00a,0,4.9,0,0,4.9,2:00p,N
2020November,11,2020-November-11,23.6,30.1,11:00a,19.3,6:00a,0,5.3,0,0.1,5.4,1:00p,SW
2020November,12,2020-November-12,23.7,29.1,11:00a,19.3,5:30a,0,3.6,0,0,3.6,12:30p,WSW
2020November,13,2020-November-13,NA,NA,,NA,,NA,NA,NA,NA,NA,,
2020November,14,2020-November-14,NA,NA,,NA,,NA,NA,NA,NA,NA,,
2020November,15,2020-November-15,24.8,28.3,12:30p,21.8,12:00m,0,5.3,0.3,0,2.2,2:30p,SE
2020November,16,2020-November-16,25.3,32,1:30p,20.3,6:01a,0,7,0,0,3.1,2:30p,SW
2020November,17,2020-November-17,25.4,31.4,12:00p,21.4,1:30a,0,7.2,0,0,3.1,1:31p,NNW
2020November,18,2020-November-18,25.4,31.9,1:30p,20.3,5:00a,0,7.2,0,0,5.4,3:30p,SE
2020November,19,2020-November-19,26.4,33.8,12:00p,21.3,6:00a,0,8.1,0,0,2.7,12:30p,SW
2020November,20,2020-November-20,27.4,33.8,1:00p,23,2:00a,0,9.1,0,0,2.7,1:30p,SW
2020November,21,2020-November-21,26.6,30.4,12:00p,24.6,5:30a,0,8.3,0,0,2.7,1:00p,SE
2020November,22,2020-November-22,25.9,32.1,12:00p,22.6,5:30a,0,7.6,2.5,0,2.7,2:00p,N
2020November,23,2020-November-23,25.3,30.1,12:30p,22.1,5:30a,0,7,0,0,3.1,1:30p,SE
2020November,24,2020-November-24,24.8,29.8,12:30p,21.7,4:00a,0,6.5,0,0.1,3.6,1:00p,SE
2020November,25,2020-November-25,24.7,31.3,12:30p,20.1,4:00a,0,6.4,0,0,3.6,3:30p,SE
2020November,26,2020-November-26,24.2,30.5,11:30a,19.3,5:30a,0,5.9,0,0,3.6,2:30p,NNW
2020November,27,2020-November-27,24.1,31.1,12:30p,18.6,5:30a,0,5.8,0,0,3.6,3:00p,SW
2020November,28,2020-November-28,22.7,28,10:00a,19.2,5:30a,0,4.4,0,0,2.7,12:30p,SE
2020November,29,2020-November-29,22.1,28.4,12:30p,17.8,5:00a,0,3.8,0,0.1,3.6,1:00p,SE
2020November,30,2020-November-30,22.1,27.3,12:34p,19,1:00a,0,3.7,0,0,2.7,3:00p,SW
2020December,1,2020-December-1,22.1,29,12:30p,17.7,5:30a,0,3.8,0,0,3.1,2:00p,NNW
2020December,2,2020-December-2,22.8,29.4,12:30p,16.8,5:00a,0.2,4.7,0,0,2.7,2:30p,SW
2020December,3,2020-December-3,21.1,26.1,11:00a,18.1,11:30p,0,2.7,0,0,2.7,4:00a,NNW
2020December,4,2020-December-4,21.2,26.1,1:30p,18,1:01a,0.1,3.1,0,0,3.1,4:30p,NNW
2020December,5,2020-December-5,22.3,27.4,12:30p,17.6,5:00a,0,4.1,0,0,2.7,5:00p,NNW
2020December,6,2020-December-6,22.4,28.8,11:30a,17.4,5:33a,0.1,4.3,0,0,2.2,1:00p,SE
2020December,7,2020-December-7,24,30.6,12:30p,19.6,5:30a,0,5.7,0,0,3.6,2:30p,SW
2020December,8,2020-December-8,22.3,27.8,1:30p,19.2,12:00m,0,4,0,0,3.1,3:30p,NNW
2020December,9,2020-December-9,21.2,24.9,12:00p,18.7,2:30a,0,2.8,8.9,0,1.3,1:00p,NNW
2020December,10,2020-December-10,23.1,28.5,2:00p,20.4,6:33a,0,4.8,0.3,0,2.2,12:30p,NNW
2020December,11,2020-December-11,23.9,30.1,12:30p,20.2,6:00a,0,5.6,0,0,3.1,1:00p,SW
2020December,12,2020-December-12,23.9,28.7,12:00p,21.7,4:30a,0,5.5,0,0,3.6,12:30p,WSW
2020December,13,2020-December-13,23.9,29.7,12:00p,20.8,6:30a,0,5.7,0,0.1,4,1:00p,WSW
2020December,14,2020-December-14,22.2,29.2,12:00p,17.8,6:00a,0,3.9,0,0,3.1,5:00p,NNW
2020December,15,2020-December-15,20.2,25.9,12:30p,15.2,5:30a,0.7,2.5,0,0,3.1,2:30p,SW
2020December,16,2020-December-16,20.4,24.4,1:00p,15.9,6:00a,0.4,2.5,0,0,3.1,11:00a,N
2020December,17,2020-December-17,20.6,27.1,12:00p,15.9,6:00a,0.5,2.8,0,0,2.7,1:00p,SW
2020December,18,2020-December-18,21.7,28.7,1:30p,17.1,5:00a,0.2,3.5,0,0,2.7,4:00p,NNW
2020December,19,2020-December-19,20.7,26.7,1:00p,16.7,12:00m,0.3,2.6,0,0,3.6,7:30p,NNW
2020December,20,2020-December-20,20.1,25.6,11:00a,15.9,2:00a,0.6,2.4,0,0,2.7,4:02p,NNW
2020December,21,2020-December-21,18.4,20.3,1:30p,16.9,6:30a,0.4,0.5,3.6,0,1.8,9:30p,NNW
2020December,22,2020-December-22,20.3,25.3,2:34p,17.4,5:30a,0.2,2.2,0,0,2.2,4:00p,SW
2020December,23,2020-December-23,20.9,25.7,12:30p,18.4,6:00a,0,2.6,1,0,4,5:30p,NNW
2020December,24,2020-December-24,22.6,30,1:00p,18.7,1:30a,0,4.2,0,0.2,4,1:30p,NNW
2020December,25,2020-December-25,21.2,25.8,1:00p,17.9,12:00m,0,2.9,0,0,1.8,1:00p,NNW
2020December,26,2020-December-26,21.1,28.9,1:00p,15.3,6:00a,0.6,3.4,0,0.1,3.1,2:34p,NNW
2020December,27,2020-December-27,20.2,25.3,3:00p,16.4,5:00a,0.3,2.2,4.1,0,1.8,5:00a,N
2020December,28,2020-December-28,22.5,28.7,12:00p,17.1,3:00a,0.1,4.3,0,0,4,1:30p,WSW
2020December,29,2020-December-29,23.9,30.2,1:00p,19.8,12:00m,0,5.6,0,0.1,3.6,2:30p,NNW
2020December,30,2020-December-30,17.2,20.2,12:30a,12.8,12:00m,1.4,0.3,0,0.2,3.6,11:30a,NNW
2020December,31,2020-December-31,13.6,16.9,2:03p,11.8,6:02a,4.6,0,0,0,2.2,2:30a,NNW
